vendor_id,vendor_name,vendor_subcity,vendor_city,vendor_address
V001,Shree BuildMart_1,DLF Phase 3,Gurugram,47 Udyog Vihar Phase 4
V002,Mumbai Infra Solutions_1,Bandra West,Mumbai,101 Turner Road Bandra
V003,Eastern Equipments_1,Park Circus,Kolkata,18 AJC Bose Road
V004,SouthTech Services_1,JP Nagar,Bengaluru,212 JP Nagar 3rd Phase
V005,Deccan Suppliers_1,Shivajinagar,Pune,9 Jangali Maharaj Road
V006,Awadh Traders_1,Aliganj,Lucknow,6 Sector Q Aliganj
V007,Telangana Ventures_1,Jubilee Hills,Hyderabad,55 Road No 36 Jubilee Hills
V008,Marina Engineering_1,Teynampet,Chennai,44 Anna Salai Teynampet
V009,Navrang Enterprises_1,Navrangpura,Ahmedabad,27 University Road
V010,Amber Suppliers_1,Bapu Nagar,Jaipur,3S Sahakar Marg
V001,Shree BuildMart_2,DLF Phase 3,Gurugram,47 Udyog Vihar Phase 4
V002,Mumbai Infra Solutions_2,Bandra West,Mumbai,101 Turner Road Bandra
V003,Eastern Equipments_2,Park Circus,Kolkata,18 AJC Bose Road
V004,SouthTech Services_2,JP Nagar,Bengaluru,212 JP Nagar 3rd Phase
V005,Deccan Suppliers_2,Shivajinagar,Pune,9 Jangali Maharaj Road
V006,Awadh Traders_2,Aliganj,Lucknow,6 Sector Q Aliganj
V007,Telangana Ventures_2,Jubilee Hills,Hyderabad,55 Road No 36 Jubilee Hills
V008,Marina Engineering_2,Teynampet,Chennai,44 Anna Salai Teynampet
V009,Navrang Enterprises_2,Navrangpura,Ahmedabad,27 University Road
V010,Amber Suppliers_2,Bapu Nagar,Jaipur,3S Sahakar Marg
V001,Shree BuildMart_3,DLF Phase 3,Gurugram,47 Udyog Vihar Phase 4
V002,Mumbai Infra Solutions_3,Bandra West,Mumbai,101 Turner Road Bandra
V003,Eastern Equipments_3,Park Circus,Kolkata,18 AJC Bose Road
V004,SouthTech Services_3,JP Nagar,Bengaluru,212 JP Nagar 3rd Phase
V005,Deccan Suppliers_3,Shivajinagar,Pune,9 Jangali Maharaj Road
V006,Awadh Traders_3,Aliganj,Lucknow,6 Sector Q Aliganj
V007,Telangana Ventures_3,Jubilee Hills,Hyderabad,55 Road No 36 Jubilee Hills
V008,Marina Engineering_3,Teynampet,Chennai,44 Anna Salai Teynampet
V009,Navrang Enterprises_3,Navrangpura,Ahmedabad,27 University Road
V010,Amber Suppliers_3,Bapu Nagar,Jaipur,3S Sahakar Marg
V001,Shree BuildMart_4,DLF Phase 3,Gurugram,47 Udyog Vihar Phase 4
V002,Mumbai Infra Solutions_4,Bandra West,Mumbai,101 Turner Road Bandra
V003,Eastern Equipments_4,Park Circus,Kolkata,18 AJC Bose Road
V004,SouthTech Services_4,JP Nagar,Bengaluru,212 JP Nagar 3rd Phase
V005,Deccan Suppliers_4,Shivajinagar,Pune,9 Jangali Maharaj Road
V006,Awadh Traders_4,Aliganj,Lucknow,6 Sector Q Aliganj
V007,Telangana Ventures_4,Jubilee Hills,Hyderabad,55 Road No 36 Jubilee Hills
V008,Marina Engineering_4,Teynampet,Chennai,44 Anna Salai Teynampet
V009,Navrang Enterprises_4,Navrangpura,Ahmedabad,27 University Road
V010,Amber Suppliers_4,Bapu Nagar,Jaipur,3S Sahakar Marg
V001,Shree BuildMart_5,DLF Phase 3,Gurugram,47 Udyog Vihar Phase 4
V002,Mumbai Infra Solutions_5,Bandra West,Mumbai,101 Turner Road Bandra
V003,Eastern Equipments_5,Park Circus,Kolkata,18 AJC Bose Road
V004,SouthTech Services_5,JP Nagar,Bengaluru,212 JP Nagar 3rd Phase
V005,Deccan Suppliers_5,Shivajinagar,Pune,9 Jangali Maharaj Road
V006,Awadh Traders_5,Aliganj,Lucknow,6 Sector Q Aliganj
V007,Telangana Ventures_5,Jubilee Hills,Hyderabad,55 Road No 36 Jubilee Hills
V008,Marina Engineering_5,Teynampet,Chennai,44 Anna Salai Teynampet
V009,Navrang Enterprises_5,Navrangpura,Ahmedabad,27 University Road
V010,Amber Suppliers_5,Bapu Nagar,Jaipur,3S Sahakar Marg
V001,Shree BuildMart_6,DLF Phase 3,Gurugram,47 Udyog Vihar Phase 4
V002,Mumbai Infra Solutions_6,Bandra West,Mumbai,101 Turner Road Bandra
V003,Eastern Equipments_6,Park Circus,Kolkata,18 AJC Bose Road
V004,SouthTech Services_6,JP Nagar,Bengaluru,212 JP Nagar 3rd Phase
V005,Deccan Suppliers_6,Shivajinagar,Pune,9 Jangali Maharaj Road
V006,Awadh Traders_6,Aliganj,Lucknow,6 Sector Q Aliganj
V007,Telangana Ventures_6,Jubilee Hills,Hyderabad,55 Road No 36 Jubilee Hills
V008,Marina Engineering_6,Teynampet,Chennai,44 Anna Salai Teynampet
V009,Navrang Enterprises_6,Navrangpura,Ahmedabad,27 University Road
V010,Amber Suppliers_6,Bapu Nagar,Jaipur,3S Sahakar Marg
V001,Shree BuildMart_7,DLF Phase 3,Gurugram,47 Udyog Vihar Phase 4
V002,Mumbai Infra Solutions_7,Bandra West,Mumbai,101 Turner Road Bandra
V003,Eastern Equipments_7,Park Circus,Kolkata,18 AJC Bose Road
V004,SouthTech Services_7,JP Nagar,Bengaluru,212 JP Nagar 3rd Phase
V005,Deccan Suppliers_7,Shivajinagar,Pune,9 Jangali Maharaj Road
V006,Awadh Traders_7,Aliganj,Lucknow,6 Sector Q Aliganj
V007,Telangana Ventures_7,Jubilee Hills,Hyderabad,55 Road No 36 Jubilee Hills
V008,Marina Engineering_7,Teynampet,Chennai,44 Anna Salai Teynampet
V009,Navrang Enterprises_7,Navrangpura,Ahmedabad,27 University Road
V010,Amber Suppliers_7,Bapu Nagar,Jaipur,3S Sahakar Marg
V001,Shree BuildMart_8,DLF Phase 3,Gurugram,47 Udyog Vihar Phase 4
V002,Mumbai Infra Solutions_8,Bandra West,Mumbai,101 Turner Road Bandra
V003,Eastern Equipments_8,Park Circus,Kolkata,18 AJC Bose Road
V004,SouthTech Services_8,JP Nagar,Bengaluru,212 JP Nagar 3rd Phase
V005,Deccan Suppliers_8,Shivajinagar,Pune,9 Jangali Maharaj Road
V006,Awadh Traders_8,Aliganj,Lucknow,6 Sector Q Aliganj
V007,Telangana Ventures_8,Jubilee Hills,Hyderabad,55 Road No 36 Jubilee Hills
V008,Marina Engineering_8,Teynampet,Chennai,44 Anna Salai Teynampet
V009,Navrang Enterprises_8,Navrangpura,Ahmedabad,27 University Road
V010,Amber Suppliers_8,Bapu Nagar,Jaipur,3S Sahakar Marg
V001,Shree BuildMart_9,DLF Phase 3,Gurugram,47 Udyog Vihar Phase 4
V002,Mumbai Infra Solutions_9,Bandra West,Mumbai,101 Turner Road Bandra
V003,Eastern Equipments_9,Park Circus,Kolkata,18 AJC Bose Road
V004,SouthTech Services_9,JP Nagar,Bengaluru,212 JP Nagar 3rd Phase
V005,Deccan Suppliers_9,Shivajinagar,Pune,9 Jangali Maharaj Road
V006,Awadh Traders_9,Aliganj,Lucknow,6 Sector Q Aliganj
V007,Telangana Ventures_9,Jubilee Hills,Hyderabad,55 Road No 36 Jubilee Hills
V008,Marina Engineering_9,Teynampet,Chennai,44 Anna Salai Teynampet
V009,Navrang Enterprises_9,Navrangpura,Ahmedabad,27 University Road
V010,Amber Suppliers_9,Bapu Nagar,Jaipur,3S Sahakar Marg
V001,Shree BuildMart_10,DLF Phase 3,Gurugram,47 Udyog Vihar Phase 4
V002,Mumbai Infra Solutions_10,Bandra West,Mumbai,101 Turner Road Bandra
V003,Eastern Equipments_10,Park Circus,Kolkata,18 AJC Bose Road
V004,SouthTech Services_10,JP Nagar,Bengaluru,212 JP Nagar 3rd Phase
V005,Deccan Suppliers_10,Shivajinagar,Pune,9 Jangali Maharaj Road
V006,Awadh Traders_10,Aliganj,Lucknow,6 Sector Q Aliganj
V007,Telangana Ventures_10,Jubilee Hills,Hyderabad,55 Road No 36 Jubilee Hills
V008,Marina Engineering_10,Teynampet,Chennai,44 Anna Salai Teynampet
V009,Navrang Enterprises_10,Navrangpura,Ahmedabad,27 University Road
V010,Amber Suppliers_10,Bapu Nagar,Jaipur,3S Sahakar Marg
V001,Shree BuildMart_11,DLF Phase 3,Gurugram,47 Udyog Vihar Phase 4
V002,Mumbai Infra Solutions_11,Bandra West,Mumbai,101 Turner Road Bandra
V003,Eastern Equipments_11,Park Circus,Kolkata,18 AJC Bose Road
V004,SouthTech Services_11,JP Nagar,Bengaluru,212 JP Nagar 3rd Phase
V005,Deccan Suppliers_11,Shivajinagar,Pune,9 Jangali Maharaj Road
V006,Awadh Traders_11,Aliganj,Lucknow,6 Sector Q Aliganj
V007,Telangana Ventures_11,Jubilee Hills,Hyderabad,55 Road No 36 Jubilee Hills
V008,Marina Engineering_11,Teynampet,Chennai,44 Anna Salai Teynampet
V009,Navrang Enterprises_11,Navrangpura,Ahmedabad,27 University Road
V010,Amber Suppliers_11,Bapu Nagar,Jaipur,3S Sahakar Marg
V001,Shree BuildMart_12,DLF Phase 3,Gurugram,47 Udyog Vihar Phase 4
V002,Mumbai Infra Solutions_12,Bandra West,Mumbai,101 Turner Road Bandra
V003,Eastern Equipments_12,Park Circus,Kolkata,18 AJC Bose Road
V004,SouthTech Services_12,JP Nagar,Bengaluru,212 JP Nagar 3rd Phase
V005,Deccan Suppliers_12,Shivajinagar,Pune,9 Jangali Maharaj Road
V006,Awadh Traders_12,Aliganj,Lucknow,6 Sector Q Aliganj
V007,Telangana Ventures_12,Jubilee Hills,Hyderabad,55 Road No 36 Jubilee Hills
V008,Marina Engineering_12,Teynampet,Chennai,44 Anna Salai Teynampet
V009,Navrang Enterprises_12,Navrangpura,Ahmedabad,27 University Road
V010,Amber Suppliers_12,Bapu Nagar,Jaipur,3S Sahakar Marg
V001,Shree BuildMart_13,DLF Phase 3,Gurugram,47 Udyog Vihar Phase 4
V002,Mumbai Infra Solutions_13,Bandra West,Mumbai,101 Turner Road Bandra
V003,Eastern Equipments_13,Park Circus,Kolkata,18 AJC Bose Road
V004,SouthTech Services_13,JP Nagar,Bengaluru,212 JP Nagar 3rd Phase
V005,Deccan Suppliers_13,Shivajinagar,Pune,9 Jangali Maharaj Road
V006,Awadh Traders_13,Aliganj,Lucknow,6 Sector Q Aliganj
V007,Telangana Ventures_13,Jubilee Hills,Hyderabad,55 Road No 36 Jubilee Hills
V008,Marina Engineering_13,Teynampet,Chennai,44 Anna Salai Teynampet
V009,Navrang Enterprises_13,Navrangpura,Ahmedabad,27 University Road
V010,Amber Suppliers_13,Bapu Nagar,Jaipur,3S Sahakar Marg
V001,Shree BuildMart_14,DLF Phase 3,Gurugram,47 Udyog Vihar Phase 4
V002,Mumbai Infra Solutions_14,Bandra West,Mumbai,101 Turner Road Bandra
V003,Eastern Equipments_14,Park Circus,Kolkata,18 AJC Bose Road
V004,SouthTech Services_14,JP Nagar,Bengaluru,212 JP Nagar 3rd Phase
V005,Deccan Suppliers_14,Shivajinagar,Pune,9 Jangali Maharaj Road
V006,Awadh Traders_14,Aliganj,Lucknow,6 Sector Q Aliganj
V007,Telangana Ventures_14,Jubilee Hills,Hyderabad,55 Road No 36 Jubilee Hills
V008,Marina Engineering_14,Teynampet,Chennai,44 Anna Salai Teynampet
V009,Navrang Enterprises_14,Navrangpura,Ahmedabad,27 University Road
V010,Amber Suppliers_14,Bapu Nagar,Jaipur,3S Sahakar Marg
V001,Shree BuildMart_15,DLF Phase 3,Gurugram,47 Udyog Vihar Phase 4
V002,Mumbai Infra Solutions_15,Bandra West,Mumbai,101 Turner Road Bandra
V003,Eastern Equipments_15,Park Circus,Kolkata,18 AJC Bose Road
V004,SouthTech Services_15,JP Nagar,Bengaluru,212 JP Nagar 3rd Phase
V005,Deccan Suppliers_15,Shivajinagar,Pune,9 Jangali Maharaj Road
V006,Awadh Traders_15,Aliganj,Lucknow,6 Sector Q Aliganj
V007,Telangana Ventures_15,Jubilee Hills,Hyderabad,55 Road No 36 Jubilee Hills
V008,Marina Engineering_15,Teynampet,Chennai,44 Anna Salai Teynampet
V009,Navrang Enterprises_15,Navrangpura,Ahmedabad,27 University Road
V010,Amber Suppliers_15,Bapu Nagar,Jaipur,3S Sahakar Marg
V001,Shree BuildMart_16,DLF Phase 3,Gurugram,47 Udyog Vihar Phase 4
V002,Mumbai Infra Solutions_16,Bandra West,Mumbai,101 Turner Road Bandra
V003,Eastern Equipments_16,Park Circus,Kolkata,18 AJC Bose Road
V004,SouthTech Services_16,JP Nagar,Bengaluru,212 JP Nagar 3rd Phase
V005,Deccan Suppliers_16,Shivajinagar,Pune,9 Jangali Maharaj Road
V006,Awadh Traders_16,Aliganj,Lucknow,6 Sector Q Aliganj
V007,Telangana Ventures_16,Jubilee Hills,Hyderabad,55 Road No 36 Jubilee Hills
V008,Marina Engineering_16,Teynampet,Chennai,44 Anna Salai Teynampet
V009,Navrang Enterprises_16,Navrangpura,Ahmedabad,27 University Road
V010,Amber Suppliers_16,Bapu Nagar,Jaipur,3S Sahakar Marg
V001,Shree BuildMart_17,DLF Phase 3,Gurugram,47 Udyog Vihar Phase 4
V002,Mumbai Infra Solutions_17,Bandra West,Mumbai,101 Turner Road Bandra
V003,Eastern Equipments_17,Park Circus,Kolkata,18 AJC Bose Road
V004,SouthTech Services_17,JP Nagar,Bengaluru,212 JP Nagar 3rd Phase
V005,Deccan Suppliers_17,Shivajinagar,Pune,9 Jangali Maharaj Road
V006,Awadh Traders_17,Aliganj,Lucknow,6 Sector Q Aliganj
V007,Telangana Ventures_17,Jubilee Hills,Hyderabad,55 Road No 36 Jubilee Hills
V008,Marina Engineering_17,Teynampet,Chennai,44 Anna Salai Teynampet
V009,Navrang Enterprises_17,Navrangpura,Ahmedabad,27 University Road
V010,Amber Suppliers_17,Bapu Nagar,Jaipur,3S Sahakar Marg
V001,Shree BuildMart_18,DLF Phase 3,Gurugram,47 Udyog Vihar Phase 4
V002,Mumbai Infra Solutions_18,Bandra West,Mumbai,101 Turner Road Bandra
V003,Eastern Equipments_18,Park Circus,Kolkata,18 AJC Bose Road
V004,SouthTech Services_18,JP Nagar,Bengaluru,212 JP Nagar 3rd Phase
V005,Deccan Suppliers_18,Shivajinagar,Pune,9 Jangali Maharaj Road
V006,Awadh Traders_18,Aliganj,Lucknow,6 Sector Q Aliganj
V007,Telangana Ventures_18,Jubilee Hills,Hyderabad,55 Road No 36 Jubilee Hills
V008,Marina Engineering_18,Teynampet,Chennai,44 Anna Salai Teynampet
V009,Navrang Enterprises_18,Navrangpura,Ahmedabad,27 University Road
V010,Amber Suppliers_18,Bapu Nagar,Jaipur,3S Sahakar Marg
V001,Shree BuildMart_19,DLF Phase 3,Gurugram,47 Udyog Vihar Phase 4
V002,Mumbai Infra Solutions_19,Bandra West,Mumbai,101 Turner Road Bandra
V003,Eastern Equipments_19,Park Circus,Kolkata,18 AJC Bose Road
V004,SouthTech Services_19,JP Nagar,Bengaluru,212 JP Nagar 3rd Phase
V005,Deccan Suppliers_19,Shivajinagar,Pune,9 Jangali Maharaj Road
V006,Awadh Traders_19,Aliganj,Lucknow,6 Sector Q Aliganj
V007,Telangana Ventures_19,Jubilee Hills,Hyderabad,55 Road No 36 Jubilee Hills
V008,Marina Engineering_19,Teynampet,Chennai,44 Anna Salai Teynampet
V009,Navrang Enterprises_19,Navrangpura,Ahmedabad,27 University Road
V010,Amber Suppliers_19,Bapu Nagar,Jaipur,3S Sahakar Marg
V001,Shree BuildMart_20,DLF Phase 3,Gurugram,47 Udyog Vihar Phase 4
V002,Mumbai Infra Solutions_20,Bandra West,Mumbai,101 Turner Road Bandra
V003,Eastern Equipments_20,Park Circus,Kolkata,18 AJC Bose Road
V004,SouthTech Services_20,JP Nagar,Bengaluru,212 JP Nagar 3rd Phase
V005,Deccan Suppliers_20,Shivajinagar,Pune,9 Jangali Maharaj Road
V006,Awadh Traders_20,Aliganj,Lucknow,6 Sector Q Aliganj
V007,Telangana Ventures_20,Jubilee Hills,Hyderabad,55 Road No 36 Jubilee Hills
V008,Marina Engineering_20,Teynampet,Chennai,44 Anna Salai Teynampet
V009,Navrang Enterprises_20,Navrangpura,Ahmedabad,27 University Road
V010,Amber Suppliers_20,Bapu Nagar,Jaipur,3S Sahakar Marg
V001,Shree BuildMart_21,DLF Phase 3,Gurugram,47 Udyog Vihar Phase 4
V002,Mumbai Infra Solutions_21,Bandra West,Mumbai,101 Turner Road Bandra
V003,Eastern Equipments_21,Park Circus,Kolkata,18 AJC Bose Road
V004,SouthTech Services_21,JP Nagar,Bengaluru,212 JP Nagar 3rd Phase
V005,Deccan Suppliers_21,Shivajinagar,Pune,9 Jangali Maharaj Road
V006,Awadh Traders_21,Aliganj,Lucknow,6 Sector Q Aliganj
V007,Telangana Ventures_21,Jubilee Hills,Hyderabad,55 Road No 36 Jubilee Hills
V008,Marina Engineering_21,Teynampet,Chennai,44 Anna Salai Teynampet
V009,Navrang Enterprises_21,Navrangpura,Ahmedabad,27 University Road
V010,Amber Suppliers_21,Bapu Nagar,Jaipur,3S Sahakar Marg
V001,Shree BuildMart_22,DLF Phase 3,Gurugram,47 Udyog Vihar Phase 4
V002,Mumbai Infra Solutions_22,Bandra West,Mumbai,101 Turner Road Bandra
V003,Eastern Equipments_22,Park Circus,Kolkata,18 AJC Bose Road
V004,SouthTech Services_22,JP Nagar,Bengaluru,212 JP Nagar 3rd Phase
V005,Deccan Suppliers_22,Shivajinagar,Pune,9 Jangali Maharaj Road
V006,Awadh Traders_22,Aliganj,Lucknow,6 Sector Q Aliganj
V007,Telangana Ventures_22,Jubilee Hills,Hyderabad,55 Road No 36 Jubilee Hills
V008,Marina Engineering_22,Teynampet,Chennai,44 Anna Salai Teynampet
V009,Navrang Enterprises_22,Navrangpura,Ahmedabad,27 University Road
V010,Amber Suppliers_22,Bapu Nagar,Jaipur,3S Sahakar Marg
V001,Shree BuildMart_23,DLF Phase 3,Gurugram,47 Udyog Vihar Phase 4
V002,Mumbai Infra Solutions_23,Bandra West,Mumbai,101 Turner Road Bandra
V003,Eastern Equipments_23,Park Circus,Kolkata,18 AJC Bose Road
V004,SouthTech Services_23,JP Nagar,Bengaluru,212 JP Nagar 3rd Phase
V005,Deccan Suppliers_23,Shivajinagar,Pune,9 Jangali Maharaj Road
V006,Awadh Traders_23,Aliganj,Lucknow,6 Sector Q Aliganj
V007,Telangana Ventures_23,Jubilee Hills,Hyderabad,55 Road No 36 Jubilee Hills
V008,Marina Engineering_23,Teynampet,Chennai,44 Anna Salai Teynampet
V009,Navrang Enterprises_23,Navrangpura,Ahmedabad,27 University Road
V010,Amber Suppliers_23,Bapu Nagar,Jaipur,3S Sahakar Marg
V001,Shree BuildMart_24,DLF Phase 3,Gurugram,47 Udyog Vihar Phase 4
V002,Mumbai Infra Solutions_24,Bandra West,Mumbai,101 Turner Road Bandra
V003,Eastern Equipments_24,Park Circus,Kolkata,18 AJC Bose Road
V004,SouthTech Services_24,JP Nagar,Bengaluru,212 JP Nagar 3rd Phase
V005,Deccan Suppliers_24,Shivajinagar,Pune,9 Jangali Maharaj Road
V006,Awadh Traders_24,Aliganj,Lucknow,6 Sector Q Aliganj
V007,Telangana Ventures_24,Jubilee Hills,Hyderabad,55 Road No 36 Jubilee Hills
V008,Marina Engineering_24,Teynampet,Chennai,44 Anna Salai Teynampet
V009,Navrang Enterprises_24,Navrangpura,Ahmedabad,27 University Road
V010,Amber Suppliers_24,Bapu Nagar,Jaipur,3S Sahakar Marg
V001,Shree BuildMart_25,DLF Phase 3,Gurugram,47 Udyog Vihar Phase 4
V002,Mumbai Infra Solutions_25,Bandra West,Mumbai,101 Turner Road Bandra
V003,Eastern Equipments_25,Park Circus,Kolkata,18 AJC Bose Road
V004,SouthTech Services_25,JP Nagar,Bengaluru,212 JP Nagar 3rd Phase
V005,Deccan Suppliers_25,Shivajinagar,Pune,9 Jangali Maharaj Road
V006,Awadh Traders_25,Aliganj,Lucknow,6 Sector Q Aliganj
V007,Telangana Ventures_25,Jubilee Hills,Hyderabad,55 Road No 36 Jubilee Hills
V008,Marina Engineering_25,Teynampet,Chennai,44 Anna Salai Teynampet
V009,Navrang Enterprises_25,Navrangpura,Ahmedabad,27 University Road
V010,Amber Suppliers_25,Bapu Nagar,Jaipur,3S Sahakar Marg
V001,Shree BuildMart_26,DLF Phase 3,Gurugram,47 Udyog Vihar Phase 4
V002,Mumbai Infra Solutions_26,Bandra West,Mumbai,101 Turner Road Bandra
V003,Eastern Equipments_26,Park Circus,Kolkata,18 AJC Bose Road
V004,SouthTech Services_26,JP Nagar,Bengaluru,212 JP Nagar 3rd Phase
V005,Deccan Suppliers_26,Shivajinagar,Pune,9 Jangali Maharaj Road
V006,Awadh Traders_26,Aliganj,Lucknow,6 Sector Q Aliganj
V007,Telangana Ventures_26,Jubilee Hills,Hyderabad,55 Road No 36 Jubilee Hills
V008,Marina Engineering_26,Teynampet,Chennai,44 Anna Salai Teynampet
V009,Navrang Enterprises_26,Navrangpura,Ahmedabad,27 University Road
V010,Amber Suppliers_26,Bapu Nagar,Jaipur,3S Sahakar Marg
V001,Shree BuildMart_27,DLF Phase 3,Gurugram,47 Udyog Vihar Phase 4
V002,Mumbai Infra Solutions_27,Bandra West,Mumbai,101 Turner Road Bandra
V003,Eastern Equipments_27,Park Circus,Kolkata,18 AJC Bose Road
V004,SouthTech Services_27,JP Nagar,Bengaluru,212 JP Nagar 3rd Phase
V005,Deccan Suppliers_27,Shivajinagar,Pune,9 Jangali Maharaj Road
V006,Awadh Traders_27,Aliganj,Lucknow,6 Sector Q Aliganj
V007,Telangana Ventures_27,Jubilee Hills,Hyderabad,55 Road No 36 Jubilee Hills
V008,Marina Engineering_27,Teynampet,Chennai,44 Anna Salai Teynampet
V009,Navrang Enterprises_27,Navrangpura,Ahmedabad,27 University Road
V010,Amber Suppliers_27,Bapu Nagar,Jaipur,3S Sahakar Marg
V001,Shree BuildMart_28,DLF Phase 3,Gurugram,47 Udyog Vihar Phase 4
V002,Mumbai Infra Solutions_28,Bandra West,Mumbai,101 Turner Road Bandra
V003,Eastern Equipments_28,Park Circus,Kolkata,18 AJC Bose Road
V004,SouthTech Services_28,JP Nagar,Bengaluru,212 JP Nagar 3rd Phase
V005,Deccan Suppliers_28,Shivajinagar,Pune,9 Jangali Maharaj Road
V006,Awadh Traders_28,Aliganj,Lucknow,6 Sector Q Aliganj
V007,Telangana Ventures_28,Jubilee Hills,Hyderabad,55 Road No 36 Jubilee Hills
V008,Marina Engineering_28,Teynampet,Chennai,44 Anna Salai Teynampet
V009,Navrang Enterprises_28,Navrangpura,Ahmedabad,27 University Road
V010,Amber Suppliers_28,Bapu Nagar,Jaipur,3S Sahakar Marg
V001,Shree BuildMart_29,DLF Phase 3,Gurugram,47 Udyog Vihar Phase 4
V002,Mumbai Infra Solutions_29,Bandra West,Mumbai,101 Turner Road Bandra
V003,Eastern Equipments_29,Park Circus,Kolkata,18 AJC Bose Road
V004,SouthTech Services_29,JP Nagar,Bengaluru,212 JP Nagar 3rd Phase
V005,Deccan Suppliers_29,Shivajinagar,Pune,9 Jangali Maharaj Road
V006,Awadh Traders_29,Aliganj,Lucknow,6 Sector Q Aliganj
V007,Telangana Ventures_29,Jubilee Hills,Hyderabad,55 Road No 36 Jubilee Hills
V008,Marina Engineering_29,Teynampet,Chennai,44 Anna Salai Teynampet
V009,Navrang Enterprises_29,Navrangpura,Ahmedabad,27 University Road
V010,Amber Suppliers_29,Bapu Nagar,Jaipur,3S Sahakar Marg
V001,Shree BuildMart_30,DLF Phase 3,Gurugram,47 Udyog Vihar Phase 4
V002,Mumbai Infra Solutions_30,Bandra West,Mumbai,101 Turner Road Bandra
V003,Eastern Equipments_30,Park Circus,Kolkata,18 AJC Bose Road
V004,SouthTech Services_30,JP Nagar,Bengaluru,212 JP Nagar 3rd Phase
V005,Deccan Suppliers_30,Shivajinagar,Pune,9 Jangali Maharaj Road
V006,Awadh Traders_30,Aliganj,Lucknow,6 Sector Q Aliganj
V007,Telangana Ventures_30,Jubilee Hills,Hyderabad,55 Road No 36 Jubilee Hills
V008,Marina Engineering_30,Teynampet,Chennai,44 Anna Salai Teynampet
V009,Navrang Enterprises_30,Navrangpura,Ahmedabad,27 University Road
V010,Amber Suppliers_30,Bapu Nagar,Jaipur,3S Sahakar Marg
V001,Shree BuildMart_31,DLF Phase 3,Gurugram,47 Udyog Vihar Phase 4
V002,Mumbai Infra Solutions_31,Bandra West,Mumbai,101 Turner Road Bandra
V003,Eastern Equipments_31,Park Circus,Kolkata,18 AJC Bose Road
V004,SouthTech Services_31,JP Nagar,Bengaluru,212 JP Nagar 3rd Phase
V005,Deccan Suppliers_31,Shivajinagar,Pune,9 Jangali Maharaj Road
V006,Awadh Traders_31,Aliganj,Lucknow,6 Sector Q Aliganj
V007,Telangana Ventures_31,Jubilee Hills,Hyderabad,55 Road No 36 Jubilee Hills
V008,Marina Engineering_31,Teynampet,Chennai,44 Anna Salai Teynampet
V009,Navrang Enterprises_31,Navrangpura,Ahmedabad,27 University Road
V010,Amber Suppliers_31,Bapu Nagar,Jaipur,3S Sahakar Marg
V001,Shree BuildMart_32,DLF Phase 3,Gurugram,47 Udyog Vihar Phase 4
V002,Mumbai Infra Solutions_32,Bandra West,Mumbai,101 Turner Road Bandra
V003,Eastern Equipments_32,Park Circus,Kolkata,18 AJC Bose Road
V004,SouthTech Services_32,JP Nagar,Bengaluru,212 JP Nagar 3rd Phase
V005,Deccan Suppliers_32,Shivajinagar,Pune,9 Jangali Maharaj Road
V006,Awadh Traders_32,Aliganj,Lucknow,6 Sector Q Aliganj
V007,Telangana Ventures_32,Jubilee Hills,Hyderabad,55 Road No 36 Jubilee Hills
V008,Marina Engineering_32,Teynampet,Chennai,44 Anna Salai Teynampet
V009,Navrang Enterprises_32,Navrangpura,Ahmedabad,27 University Road
V010,Amber Suppliers_32,Bapu Nagar,Jaipur,3S Sahakar Marg
V001,Shree BuildMart_33,DLF Phase 3,Gurugram,47 Udyog Vihar Phase 4
V002,Mumbai Infra Solutions_33,Bandra West,Mumbai,101 Turner Road Bandra
V003,Eastern Equipments_33,Park Circus,Kolkata,18 AJC Bose Road
V004,SouthTech Services_33,JP Nagar,Bengaluru,212 JP Nagar 3rd Phase
V005,Deccan Suppliers_33,Shivajinagar,Pune,9 Jangali Maharaj Road
V006,Awadh Traders_33,Aliganj,Lucknow,6 Sector Q Aliganj
V007,Telangana Ventures_33,Jubilee Hills,Hyderabad,55 Road No 36 Jubilee Hills
V008,Marina Engineering_33,Teynampet,Chennai,44 Anna Salai Teynampet
V009,Navrang Enterprises_33,Navrangpura,Ahmedabad,27 University Road
V010,Amber Suppliers_33,Bapu Nagar,Jaipur,3S Sahakar Marg
V001,Shree BuildMart_34,DLF Phase 3,Gurugram,47 Udyog Vihar Phase 4
V002,Mumbai Infra Solutions_34,Bandra West,Mumbai,101 Turner Road Bandra
V003,Eastern Equipments_34,Park Circus,Kolkata,18 AJC Bose Road
V004,SouthTech Services_34,JP Nagar,Bengaluru,212 JP Nagar 3rd Phase
V005,Deccan Suppliers_34,Shivajinagar,Pune,9 Jangali Maharaj Road
V006,Awadh Traders_34,Aliganj,Lucknow,6 Sector Q Aliganj
V007,Telangana Ventures_34,Jubilee Hills,Hyderabad,55 Road No 36 Jubilee Hills
V008,Marina Engineering_34,Teynampet,Chennai,44 Anna Salai Teynampet
V009,Navrang Enterprises_34,Navrangpura,Ahmedabad,27 University Road
V010,Amber Suppliers_34,Bapu Nagar,Jaipur,3S Sahakar Marg
V001,Shree BuildMart_35,DLF Phase 3,Gurugram,47 Udyog Vihar Phase 4
V002,Mumbai Infra Solutions_35,Bandra West,Mumbai,101 Turner Road Bandra
V003,Eastern Equipments_35,Park Circus,Kolkata,18 AJC Bose Road
V004,SouthTech Services_35,JP Nagar,Bengaluru,212 JP Nagar 3rd Phase
V005,Deccan Suppliers_35,Shivajinagar,Pune,9 Jangali Maharaj Road
V006,Awadh Traders_35,Aliganj,Lucknow,6 Sector Q Aliganj
V007,Telangana Ventures_35,Jubilee Hills,Hyderabad,55 Road No 36 Jubilee Hills
V008,Marina Engineering_35,Teynampet,Chennai,44 Anna Salai Teynampet
V009,Navrang Enterprises_35,Navrangpura,Ahmedabad,27 University Road
V010,Amber Suppliers_35,Bapu Nagar,Jaipur,3S Sahakar Marg
V001,Shree BuildMart_36,DLF Phase 3,Gurugram,47 Udyog Vihar Phase 4
V002,Mumbai Infra Solutions_36,Bandra West,Mumbai,101 Turner Road Bandra
V003,Eastern Equipments_36,Park Circus,Kolkata,18 AJC Bose Road
V004,SouthTech Services_36,JP Nagar,Bengaluru,212 JP Nagar 3rd Phase
V005,Deccan Suppliers_36,Shivajinagar,Pune,9 Jangali Maharaj Road
V006,Awadh Traders_36,Aliganj,Lucknow,6 Sector Q Aliganj
V007,Telangana Ventures_36,Jubilee Hills,Hyderabad,55 Road No 36 Jubilee Hills
V008,Marina Engineering_36,Teynampet,Chennai,44 Anna Salai Teynampet
V009,Navrang Enterprises_36,Navrangpura,Ahmedabad,27 University Road
V010,Amber Suppliers_36,Bapu Nagar,Jaipur,3S Sahakar Marg
V001,Shree BuildMart_37,DLF Phase 3,Gurugram,47 Udyog Vihar Phase 4
V002,Mumbai Infra Solutions_37,Bandra West,Mumbai,101 Turner Road Bandra
V003,Eastern Equipments_37,Park Circus,Kolkata,18 AJC Bose Road
V004,SouthTech Services_37,JP Nagar,Bengaluru,212 JP Nagar 3rd Phase
V005,Deccan Suppliers_37,Shivajinagar,Pune,9 Jangali Maharaj Road
V006,Awadh Traders_37,Aliganj,Lucknow,6 Sector Q Aliganj
V007,Telangana Ventures_37,Jubilee Hills,Hyderabad,55 Road No 36 Jubilee Hills
V008,Marina Engineering_37,Teynampet,Chennai,44 Anna Salai Teynampet
V009,Navrang Enterprises_37,Navrangpura,Ahmedabad,27 University Road
V010,Amber Suppliers_37,Bapu Nagar,Jaipur,3S Sahakar Marg
V001,Shree BuildMart_38,DLF Phase 3,Gurugram,47 Udyog Vihar Phase 4
V002,Mumbai Infra Solutions_38,Bandra West,Mumbai,101 Turner Road Bandra
V003,Eastern Equipments_38,Park Circus,Kolkata,18 AJC Bose Road
V004,SouthTech Services_38,JP Nagar,Bengaluru,212 JP Nagar 3rd Phase
V005,Deccan Suppliers_38,Shivajinagar,Pune,9 Jangali Maharaj Road
V006,Awadh Traders_38,Aliganj,Lucknow,6 Sector Q Aliganj
V007,Telangana Ventures_38,Jubilee Hills,Hyderabad,55 Road No 36 Jubilee Hills
V008,Marina Engineering_38,Teynampet,Chennai,44 Anna Salai Teynampet
V009,Navrang Enterprises_38,Navrangpura,Ahmedabad,27 University Road
V010,Amber Suppliers_38,Bapu Nagar,Jaipur,3S Sahakar Marg
V001,Shree BuildMart_39,DLF Phase 3,Gurugram,47 Udyog Vihar Phase 4
V002,Mumbai Infra Solutions_39,Bandra West,Mumbai,101 Turner Road Bandra
V003,Eastern Equipments_39,Park Circus,Kolkata,18 AJC Bose Road
V004,SouthTech Services_39,JP Nagar,Bengaluru,212 JP Nagar 3rd Phase
V005,Deccan Suppliers_39,Shivajinagar,Pune,9 Jangali Maharaj Road
V006,Awadh Traders_39,Aliganj,Lucknow,6 Sector Q Aliganj
V007,Telangana Ventures_39,Jubilee Hills,Hyderabad,55 Road No 36 Jubilee Hills
V008,Marina Engineering_39,Teynampet,Chennai,44 Anna Salai Teynampet
V009,Navrang Enterprises_39,Navrangpura,Ahmedabad,27 University Road
V010,Amber Suppliers_39,Bapu Nagar,Jaipur,3S Sahakar Marg
V001,Shree BuildMart_40,DLF Phase 3,Gurugram,47 Udyog Vihar Phase 4
V002,Mumbai Infra Solutions_40,Bandra West,Mumbai,101 Turner Road Bandra
V003,Eastern Equipments_40,Park Circus,Kolkata,18 AJC Bose Road
V004,SouthTech Services_40,JP Nagar,Bengaluru,212 JP Nagar 3rd Phase
V005,Deccan Suppliers_40,Shivajinagar,Pune,9 Jangali Maharaj Road
V006,Awadh Traders_40,Aliganj,Lucknow,6 Sector Q Aliganj
V007,Telangana Ventures_40,Jubilee Hills,Hyderabad,55 Road No 36 Jubilee Hills
V008,Marina Engineering_40,Teynampet,Chennai,44 Anna Salai Teynampet
V009,Navrang Enterprises_40,Navrangpura,Ahmedabad,27 University Road
V010,Amber Suppliers_40,Bapu Nagar,Jaipur,3S Sahakar Marg
V001,Shree BuildMart_41,DLF Phase 3,Gurugram,47 Udyog Vihar Phase 4
V002,Mumbai Infra Solutions_41,Bandra West,Mumbai,101 Turner Road Bandra
V003,Eastern Equipments_41,Park Circus,Kolkata,18 AJC Bose Road
V004,SouthTech Services_41,JP Nagar,Bengaluru,212 JP Nagar 3rd Phase
V005,Deccan Suppliers_41,Shivajinagar,Pune,9 Jangali Maharaj Road
V006,Awadh Traders_41,Aliganj,Lucknow,6 Sector Q Aliganj
V007,Telangana Ventures_41,Jubilee Hills,Hyderabad,55 Road No 36 Jubilee Hills
V008,Marina Engineering_41,Teynampet,Chennai,44 Anna Salai Teynampet
V009,Navrang Enterprises_41,Navrangpura,Ahmedabad,27 University Road
V010,Amber Suppliers_41,Bapu Nagar,Jaipur,3S Sahakar Marg
V001,Shree BuildMart_42,DLF Phase 3,Gurugram,47 Udyog Vihar Phase 4
V002,Mumbai Infra Solutions_42,Bandra West,Mumbai,101 Turner Road Bandra
V003,Eastern Equipments_42,Park Circus,Kolkata,18 AJC Bose Road
V004,SouthTech Services_42,JP Nagar,Bengaluru,212 JP Nagar 3rd Phase
V005,Deccan Suppliers_42,Shivajinagar,Pune,9 Jangali Maharaj Road
V006,Awadh Traders_42,Aliganj,Lucknow,6 Sector Q Aliganj
V007,Telangana Ventures_42,Jubilee Hills,Hyderabad,55 Road No 36 Jubilee Hills
V008,Marina Engineering_42,Teynampet,Chennai,44 Anna Salai Teynampet
V009,Navrang Enterprises_42,Navrangpura,Ahmedabad,27 University Road
V010,Amber Suppliers_42,Bapu Nagar,Jaipur,3S Sahakar Marg
V001,Shree BuildMart_43,DLF Phase 3,Gurugram,47 Udyog Vihar Phase 4
V002,Mumbai Infra Solutions_43,Bandra West,Mumbai,101 Turner Road Bandra
V003,Eastern Equipments_43,Park Circus,Kolkata,18 AJC Bose Road
V004,SouthTech Services_43,JP Nagar,Bengaluru,212 JP Nagar 3rd Phase
V005,Deccan Suppliers_43,Shivajinagar,Pune,9 Jangali Maharaj Road
V006,Awadh Traders_43,Aliganj,Lucknow,6 Sector Q Aliganj
V007,Telangana Ventures_43,Jubilee Hills,Hyderabad,55 Road No 36 Jubilee Hills
V008,Marina Engineering_43,Teynampet,Chennai,44 Anna Salai Teynampet
V009,Navrang Enterprises_43,Navrangpura,Ahmedabad,27 University Road
V010,Amber Suppliers_43,Bapu Nagar,Jaipur,3S Sahakar Marg
V001,Shree BuildMart_44,DLF Phase 3,Gurugram,47 Udyog Vihar Phase 4
V002,Mumbai Infra Solutions_44,Bandra West,Mumbai,101 Turner Road Bandra
V003,Eastern Equipments_44,Park Circus,Kolkata,18 AJC Bose Road
V004,SouthTech Services_44,JP Nagar,Bengaluru,212 JP Nagar 3rd Phase
V005,Deccan Suppliers_44,Shivajinagar,Pune,9 Jangali Maharaj Road
V006,Awadh Traders_44,Aliganj,Lucknow,6 Sector Q Aliganj
V007,Telangana Ventures_44,Jubilee Hills,Hyderabad,55 Road No 36 Jubilee Hills
V008,Marina Engineering_44,Teynampet,Chennai,44 Anna Salai Teynampet
V009,Navrang Enterprises_44,Navrangpura,Ahmedabad,27 University Road
V010,Amber Suppliers_44,Bapu Nagar,Jaipur,3S Sahakar Marg
V001,Shree BuildMart_45,DLF Phase 3,Gurugram,47 Udyog Vihar Phase 4
V002,Mumbai Infra Solutions_45,Bandra West,Mumbai,101 Turner Road Bandra
V003,Eastern Equipments_45,Park Circus,Kolkata,18 AJC Bose Road
V004,SouthTech Services_45,JP Nagar,Bengaluru,212 JP Nagar 3rd Phase
V005,Deccan Suppliers_45,Shivajinagar,Pune,9 Jangali Maharaj Road
V006,Awadh Traders_45,Aliganj,Lucknow,6 Sector Q Aliganj
V007,Telangana Ventures_45,Jubilee Hills,Hyderabad,55 Road No 36 Jubilee Hills
V008,Marina Engineering_45,Teynampet,Chennai,44 Anna Salai Teynampet
V009,Navrang Enterprises_45,Navrangpura,Ahmedabad,27 University Road
V010,Amber Suppliers_45,Bapu Nagar,Jaipur,3S Sahakar Marg
V001,Shree BuildMart_46,DLF Phase 3,Gurugram,47 Udyog Vihar Phase 4
V002,Mumbai Infra Solutions_46,Bandra West,Mumbai,101 Turner Road Bandra
V003,Eastern Equipments_46,Park Circus,Kolkata,18 AJC Bose Road
V004,SouthTech Services_46,JP Nagar,Bengaluru,212 JP Nagar 3rd Phase
V005,Deccan Suppliers_46,Shivajinagar,Pune,9 Jangali Maharaj Road
V006,Awadh Traders_46,Aliganj,Lucknow,6 Sector Q Aliganj
V007,Telangana Ventures_46,Jubilee Hills,Hyderabad,55 Road No 36 Jubilee Hills
V008,Marina Engineering_46,Teynampet,Chennai,44 Anna Salai Teynampet
V009,Navrang Enterprises_46,Navrangpura,Ahmedabad,27 University Road
V010,Amber Suppliers_46,Bapu Nagar,Jaipur,3S Sahakar Marg
V001,Shree BuildMart_47,DLF Phase 3,Gurugram,47 Udyog Vihar Phase 4
V002,Mumbai Infra Solutions_47,Bandra West,Mumbai,101 Turner Road Bandra
V003,Eastern Equipments_47,Park Circus,Kolkata,18 AJC Bose Road
V004,SouthTech Services_47,JP Nagar,Bengaluru,212 JP Nagar 3rd Phase
V005,Deccan Suppliers_47,Shivajinagar,Pune,9 Jangali Maharaj Road
V006,Awadh Traders_47,Aliganj,Lucknow,6 Sector Q Aliganj
V007,Telangana Ventures_47,Jubilee Hills,Hyderabad,55 Road No 36 Jubilee Hills
V008,Marina Engineering_47,Teynampet,Chennai,44 Anna Salai Teynampet
V009,Navrang Enterprises_47,Navrangpura,Ahmedabad,27 University Road
V010,Amber Suppliers_47,Bapu Nagar,Jaipur,3S Sahakar Marg
V001,Shree BuildMart_48,DLF Phase 3,Gurugram,47 Udyog Vihar Phase 4
V002,Mumbai Infra Solutions_48,Bandra West,Mumbai,101 Turner Road Bandra
V003,Eastern Equipments_48,Park Circus,Kolkata,18 AJC Bose Road
V004,SouthTech Services_48,JP Nagar,Bengaluru,212 JP Nagar 3rd Phase
V005,Deccan Suppliers_48,Shivajinagar,Pune,9 Jangali Maharaj Road
V006,Awadh Traders_48,Aliganj,Lucknow,6 Sector Q Aliganj
V007,Telangana Ventures_48,Jubilee Hills,Hyderabad,55 Road No 36 Jubilee Hills
V008,Marina Engineering_48,Teynampet,Chennai,44 Anna Salai Teynampet
V009,Navrang Enterprises_48,Navrangpura,Ahmedabad,27 University Road
V010,Amber Suppliers_48,Bapu Nagar,Jaipur,3S Sahakar Marg
V001,Shree BuildMart_49,DLF Phase 3,Gurugram,47 Udyog Vihar Phase 4
V002,Mumbai Infra Solutions_49,Bandra West,Mumbai,101 Turner Road Bandra
V003,Eastern Equipments_49,Park Circus,Kolkata,18 AJC Bose Road
V004,SouthTech Services_49,JP Nagar,Bengaluru,212 JP Nagar 3rd Phase
V005,Deccan Suppliers_49,Shivajinagar,Pune,9 Jangali Maharaj Road
V006,Awadh Traders_49,Aliganj,Lucknow,6 Sector Q Aliganj
V007,Telangana Ventures_49,Jubilee Hills,Hyderabad,55 Road No 36 Jubilee Hills
V008,Marina Engineering_49,Teynampet,Chennai,44 Anna Salai Teynampet
V009,Navrang Enterprises_49,Navrangpura,Ahmedabad,27 University Road
V010,Amber Suppliers_49,Bapu Nagar,Jaipur,3S Sahakar Marg
V001,Shree BuildMart_50,DLF Phase 3,Gurugram,47 Udyog Vihar Phase 4
V002,Mumbai Infra Solutions_50,Bandra West,Mumbai,101 Turner Road Bandra
V003,Eastern Equipments_50,Park Circus,Kolkata,18 AJC Bose Road
V004,SouthTech Services_50,JP Nagar,Bengaluru,212 JP Nagar 3rd Phase
V005,Deccan Suppliers_50,Shivajinagar,Pune,9 Jangali Maharaj Road
V006,Awadh Traders_50,Aliganj,Lucknow,6 Sector Q Aliganj
V007,Telangana Ventures_50,Jubilee Hills,Hyderabad,55 Road No 36 Jubilee Hills
V008,Marina Engineering_50,Teynampet,Chennai,44 Anna Salai Teynampet
V009,Navrang Enterprises_50,Navrangpura,Ahmedabad,27 University Road
V010,Amber Suppliers_50,Bapu Nagar,Jaipur,3S Sahakar Marg
V001,Shree BuildMart_51,DLF Phase 3,Gurugram,47 Udyog Vihar Phase 4
V002,Mumbai Infra Solutions_51,Bandra West,Mumbai,101 Turner Road Bandra
V003,Eastern Equipments_51,Park Circus,Kolkata,18 AJC Bose Road
V004,SouthTech Services_51,JP Nagar,Bengaluru,212 JP Nagar 3rd Phase
V005,Deccan Suppliers_51,Shivajinagar,Pune,9 Jangali Maharaj Road
V006,Awadh Traders_51,Aliganj,Lucknow,6 Sector Q Aliganj
V007,Telangana Ventures_51,Jubilee Hills,Hyderabad,55 Road No 36 Jubilee Hills
V008,Marina Engineering_51,Teynampet,Chennai,44 Anna Salai Teynampet
V009,Navrang Enterprises_51,Navrangpura,Ahmedabad,27 University Road
V010,Amber Suppliers_51,Bapu Nagar,Jaipur,3S Sahakar Marg
V001,Shree BuildMart_52,DLF Phase 3,Gurugram,47 Udyog Vihar Phase 4
V002,Mumbai Infra Solutions_52,Bandra West,Mumbai,101 Turner Road Bandra
V003,Eastern Equipments_52,Park Circus,Kolkata,18 AJC Bose Road
V004,SouthTech Services_52,JP Nagar,Bengaluru,212 JP Nagar 3rd Phase
V005,Deccan Suppliers_52,Shivajinagar,Pune,9 Jangali Maharaj Road
V006,Awadh Traders_52,Aliganj,Lucknow,6 Sector Q Aliganj
V007,Telangana Ventures_52,Jubilee Hills,Hyderabad,55 Road No 36 Jubilee Hills
V008,Marina Engineering_52,Teynampet,Chennai,44 Anna Salai Teynampet
V009,Navrang Enterprises_52,Navrangpura,Ahmedabad,27 University Road
V010,Amber Suppliers_52,Bapu Nagar,Jaipur,3S Sahakar Marg
V001,Shree BuildMart_53,DLF Phase 3,Gurugram,47 Udyog Vihar Phase 4
V002,Mumbai Infra Solutions_53,Bandra West,Mumbai,101 Turner Road Bandra
V003,Eastern Equipments_53,Park Circus,Kolkata,18 AJC Bose Road
V004,SouthTech Services_53,JP Nagar,Bengaluru,212 JP Nagar 3rd Phase
V005,Deccan Suppliers_53,Shivajinagar,Pune,9 Jangali Maharaj Road
V006,Awadh Traders_53,Aliganj,Lucknow,6 Sector Q Aliganj
V007,Telangana Ventures_53,Jubilee Hills,Hyderabad,55 Road No 36 Jubilee Hills
V008,Marina Engineering_53,Teynampet,Chennai,44 Anna Salai Teynampet
V009,Navrang Enterprises_53,Navrangpura,Ahmedabad,27 University Road
V010,Amber Suppliers_53,Bapu Nagar,Jaipur,3S Sahakar Marg
V001,Shree BuildMart_54,DLF Phase 3,Gurugram,47 Udyog Vihar Phase 4
V002,Mumbai Infra Solutions_54,Bandra West,Mumbai,101 Turner Road Bandra
V003,Eastern Equipments_54,Park Circus,Kolkata,18 AJC Bose Road
V004,SouthTech Services_54,JP Nagar,Bengaluru,212 JP Nagar 3rd Phase
V005,Deccan Suppliers_54,Shivajinagar,Pune,9 Jangali Maharaj Road
V006,Awadh Traders_54,Aliganj,Lucknow,6 Sector Q Aliganj
V007,Telangana Ventures_54,Jubilee Hills,Hyderabad,55 Road No 36 Jubilee Hills
V008,Marina Engineering_54,Teynampet,Chennai,44 Anna Salai Teynampet
V009,Navrang Enterprises_54,Navrangpura,Ahmedabad,27 University Road
V010,Amber Suppliers_54,Bapu Nagar,Jaipur,3S Sahakar Marg
V001,Shree BuildMart_55,DLF Phase 3,Gurugram,47 Udyog Vihar Phase 4
V002,Mumbai Infra Solutions_55,Bandra West,Mumbai,101 Turner Road Bandra
V003,Eastern Equipments_55,Park Circus,Kolkata,18 AJC Bose Road
V004,SouthTech Services_55,JP Nagar,Bengaluru,212 JP Nagar 3rd Phase
V005,Deccan Suppliers_55,Shivajinagar,Pune,9 Jangali Maharaj Road
V006,Awadh Traders_55,Aliganj,Lucknow,6 Sector Q Aliganj
V007,Telangana Ventures_55,Jubilee Hills,Hyderabad,55 Road No 36 Jubilee Hills
V008,Marina Engineering_55,Teynampet,Chennai,44 Anna Salai Teynampet
V009,Navrang Enterprises_55,Navrangpura,Ahmedabad,27 University Road
V010,Amber Suppliers_55,Bapu Nagar,Jaipur,3S Sahakar Marg
V001,Shree BuildMart_56,DLF Phase 3,Gurugram,47 Udyog Vihar Phase 4
V002,Mumbai Infra Solutions_56,Bandra West,Mumbai,101 Turner Road Bandra
V003,Eastern Equipments_56,Park Circus,Kolkata,18 AJC Bose Road
V004,SouthTech Services_56,JP Nagar,Bengaluru,212 JP Nagar 3rd Phase
V005,Deccan Suppliers_56,Shivajinagar,Pune,9 Jangali Maharaj Road
V006,Awadh Traders_56,Aliganj,Lucknow,6 Sector Q Aliganj
V007,Telangana Ventures_56,Jubilee Hills,Hyderabad,55 Road No 36 Jubilee Hills
V008,Marina Engineering_56,Teynampet,Chennai,44 Anna Salai Teynampet
V009,Navrang Enterprises_56,Navrangpura,Ahmedabad,27 University Road
V010,Amber Suppliers_56,Bapu Nagar,Jaipur,3S Sahakar Marg
V001,Shree BuildMart_57,DLF Phase 3,Gurugram,47 Udyog Vihar Phase 4
V002,Mumbai Infra Solutions_57,Bandra West,Mumbai,101 Turner Road Bandra
V003,Eastern Equipments_57,Park Circus,Kolkata,18 AJC Bose Road
V004,SouthTech Services_57,JP Nagar,Bengaluru,212 JP Nagar 3rd Phase
V005,Deccan Suppliers_57,Shivajinagar,Pune,9 Jangali Maharaj Road
V006,Awadh Traders_57,Aliganj,Lucknow,6 Sector Q Aliganj
V007,Telangana Ventures_57,Jubilee Hills,Hyderabad,55 Road No 36 Jubilee Hills
V008,Marina Engineering_57,Teynampet,Chennai,44 Anna Salai Teynampet
V009,Navrang Enterprises_57,Navrangpura,Ahmedabad,27 University Road
V010,Amber Suppliers_57,Bapu Nagar,Jaipur,3S Sahakar Marg
V001,Shree BuildMart_58,DLF Phase 3,Gurugram,47 Udyog Vihar Phase 4
V002,Mumbai Infra Solutions_58,Bandra West,Mumbai,101 Turner Road Bandra
V003,Eastern Equipments_58,Park Circus,Kolkata,18 AJC Bose Road
V004,SouthTech Services_58,JP Nagar,Bengaluru,212 JP Nagar 3rd Phase
V005,Deccan Suppliers_58,Shivajinagar,Pune,9 Jangali Maharaj Road
V006,Awadh Traders_58,Aliganj,Lucknow,6 Sector Q Aliganj
V007,Telangana Ventures_58,Jubilee Hills,Hyderabad,55 Road No 36 Jubilee Hills
V008,Marina Engineering_58,Teynampet,Chennai,44 Anna Salai Teynampet
V009,Navrang Enterprises_58,Navrangpura,Ahmedabad,27 University Road
V010,Amber Suppliers_58,Bapu Nagar,Jaipur,3S Sahakar Marg
V001,Shree BuildMart_59,DLF Phase 3,Gurugram,47 Udyog Vihar Phase 4
V002,Mumbai Infra Solutions_59,Bandra West,Mumbai,101 Turner Road Bandra
V003,Eastern Equipments_59,Park Circus,Kolkata,18 AJC Bose Road
V004,SouthTech Services_59,JP Nagar,Bengaluru,212 JP Nagar 3rd Phase
V005,Deccan Suppliers_59,Shivajinagar,Pune,9 Jangali Maharaj Road
V006,Awadh Traders_59,Aliganj,Lucknow,6 Sector Q Aliganj
V007,Telangana Ventures_59,Jubilee Hills,Hyderabad,55 Road No 36 Jubilee Hills
V008,Marina Engineering_59,Teynampet,Chennai,44 Anna Salai Teynampet
V009,Navrang Enterprises_59,Navrangpura,Ahmedabad,27 University Road
V010,Amber Suppliers_59,Bapu Nagar,Jaipur,3S Sahakar Marg
V001,Shree BuildMart_60,DLF Phase 3,Gurugram,47 Udyog Vihar Phase 4
V002,Mumbai Infra Solutions_60,Bandra West,Mumbai,101 Turner Road Bandra
V003,Eastern Equipments_60,Park Circus,Kolkata,18 AJC Bose Road
V004,SouthTech Services_60,JP Nagar,Bengaluru,212 JP Nagar 3rd Phase
V005,Deccan Suppliers_60,Shivajinagar,Pune,9 Jangali Maharaj Road
V006,Awadh Traders_60,Aliganj,Lucknow,6 Sector Q Aliganj
V007,Telangana Ventures_60,Jubilee Hills,Hyderabad,55 Road No 36 Jubilee Hills
V008,Marina Engineering_60,Teynampet,Chennai,44 Anna Salai Teynampet
V009,Navrang Enterprises_60,Navrangpura,Ahmedabad,27 University Road
V010,Amber Suppliers_60,Bapu Nagar,Jaipur,3S Sahakar Marg
V001,Shree BuildMart_61,DLF Phase 3,Gurugram,47 Udyog Vihar Phase 4
V002,Mumbai Infra Solutions_61,Bandra West,Mumbai,101 Turner Road Bandra
V003,Eastern Equipments_61,Park Circus,Kolkata,18 AJC Bose Road
V004,SouthTech Services_61,JP Nagar,Bengaluru,212 JP Nagar 3rd Phase
V005,Deccan Suppliers_61,Shivajinagar,Pune,9 Jangali Maharaj Road
V006,Awadh Traders_61,Aliganj,Lucknow,6 Sector Q Aliganj
V007,Telangana Ventures_61,Jubilee Hills,Hyderabad,55 Road No 36 Jubilee Hills
V008,Marina Engineering_61,Teynampet,Chennai,44 Anna Salai Teynampet
V009,Navrang Enterprises_61,Navrangpura,Ahmedabad,27 University Road
V010,Amber Suppliers_61,Bapu Nagar,Jaipur,3S Sahakar Marg
V001,Shree BuildMart_62,DLF Phase 3,Gurugram,47 Udyog Vihar Phase 4
V002,Mumbai Infra Solutions_62,Bandra West,Mumbai,101 Turner Road Bandra
V003,Eastern Equipments_62,Park Circus,Kolkata,18 AJC Bose Road
V004,SouthTech Services_62,JP Nagar,Bengaluru,212 JP Nagar 3rd Phase
V005,Deccan Suppliers_62,Shivajinagar,Pune,9 Jangali Maharaj Road
V006,Awadh Traders_62,Aliganj,Lucknow,6 Sector Q Aliganj
V007,Telangana Ventures_62,Jubilee Hills,Hyderabad,55 Road No 36 Jubilee Hills
V008,Marina Engineering_62,Teynampet,Chennai,44 Anna Salai Teynampet
V009,Navrang Enterprises_62,Navrangpura,Ahmedabad,27 University Road
V010,Amber Suppliers_62,Bapu Nagar,Jaipur,3S Sahakar Marg
V001,Shree BuildMart_63,DLF Phase 3,Gurugram,47 Udyog Vihar Phase 4
V002,Mumbai Infra Solutions_63,Bandra West,Mumbai,101 Turner Road Bandra
V003,Eastern Equipments_63,Park Circus,Kolkata,18 AJC Bose Road
V004,SouthTech Services_63,JP Nagar,Bengaluru,212 JP Nagar 3rd Phase
V005,Deccan Suppliers_63,Shivajinagar,Pune,9 Jangali Maharaj Road
V006,Awadh Traders_63,Aliganj,Lucknow,6 Sector Q Aliganj
V007,Telangana Ventures_63,Jubilee Hills,Hyderabad,55 Road No 36 Jubilee Hills
V008,Marina Engineering_63,Teynampet,Chennai,44 Anna Salai Teynampet
V009,Navrang Enterprises_63,Navrangpura,Ahmedabad,27 University Road
V010,Amber Suppliers_63,Bapu Nagar,Jaipur,3S Sahakar Marg
V001,Shree BuildMart_64,DLF Phase 3,Gurugram,47 Udyog Vihar Phase 4
V002,Mumbai Infra Solutions_64,Bandra West,Mumbai,101 Turner Road Bandra
V003,Eastern Equipments_64,Park Circus,Kolkata,18 AJC Bose Road
V004,SouthTech Services_64,JP Nagar,Bengaluru,212 JP Nagar 3rd Phase
V005,Deccan Suppliers_64,Shivajinagar,Pune,9 Jangali Maharaj Road
V006,Awadh Traders_64,Aliganj,Lucknow,6 Sector Q Aliganj
V007,Telangana Ventures_64,Jubilee Hills,Hyderabad,55 Road No 36 Jubilee Hills
V008,Marina Engineering_64,Teynampet,Chennai,44 Anna Salai Teynampet
V009,Navrang Enterprises_64,Navrangpura,Ahmedabad,27 University Road
V010,Amber Suppliers_64,Bapu Nagar,Jaipur,3S Sahakar Marg
V001,Shree BuildMart_65,DLF Phase 3,Gurugram,47 Udyog Vihar Phase 4
V002,Mumbai Infra Solutions_65,Bandra West,Mumbai,101 Turner Road Bandra
V003,Eastern Equipments_65,Park Circus,Kolkata,18 AJC Bose Road
V004,SouthTech Services_65,JP Nagar,Bengaluru,212 JP Nagar 3rd Phase
V005,Deccan Suppliers_65,Shivajinagar,Pune,9 Jangali Maharaj Road
V006,Awadh Traders_65,Aliganj,Lucknow,6 Sector Q Aliganj
V007,Telangana Ventures_65,Jubilee Hills,Hyderabad,55 Road No 36 Jubilee Hills
V008,Marina Engineering_65,Teynampet,Chennai,44 Anna Salai Teynampet
V009,Navrang Enterprises_65,Navrangpura,Ahmedabad,27 University Road
V010,Amber Suppliers_65,Bapu Nagar,Jaipur,3S Sahakar Marg
V001,Shree BuildMart_66,DLF Phase 3,Gurugram,47 Udyog Vihar Phase 4
V002,Mumbai Infra Solutions_66,Bandra West,Mumbai,101 Turner Road Bandra
V003,Eastern Equipments_66,Park Circus,Kolkata,18 AJC Bose Road
V004,SouthTech Services_66,JP Nagar,Bengaluru,212 JP Nagar 3rd Phase
V005,Deccan Suppliers_66,Shivajinagar,Pune,9 Jangali Maharaj Road
V006,Awadh Traders_66,Aliganj,Lucknow,6 Sector Q Aliganj
V007,Telangana Ventures_66,Jubilee Hills,Hyderabad,55 Road No 36 Jubilee Hills
V008,Marina Engineering_66,Teynampet,Chennai,44 Anna Salai Teynampet
V009,Navrang Enterprises_66,Navrangpura,Ahmedabad,27 University Road
V010,Amber Suppliers_66,Bapu Nagar,Jaipur,3S Sahakar Marg
V001,Shree BuildMart_67,DLF Phase 3,Gurugram,47 Udyog Vihar Phase 4
V002,Mumbai Infra Solutions_67,Bandra West,Mumbai,101 Turner Road Bandra
V003,Eastern Equipments_67,Park Circus,Kolkata,18 AJC Bose Road
V004,SouthTech Services_67,JP Nagar,Bengaluru,212 JP Nagar 3rd Phase
V005,Deccan Suppliers_67,Shivajinagar,Pune,9 Jangali Maharaj Road
V006,Awadh Traders_67,Aliganj,Lucknow,6 Sector Q Aliganj
V007,Telangana Ventures_67,Jubilee Hills,Hyderabad,55 Road No 36 Jubilee Hills
V008,Marina Engineering_67,Teynampet,Chennai,44 Anna Salai Teynampet
V009,Navrang Enterprises_67,Navrangpura,Ahmedabad,27 University Road
V010,Amber Suppliers_67,Bapu Nagar,Jaipur,3S Sahakar Marg
V001,Shree BuildMart_68,DLF Phase 3,Gurugram,47 Udyog Vihar Phase 4
V002,Mumbai Infra Solutions_68,Bandra West,Mumbai,101 Turner Road Bandra
V003,Eastern Equipments_68,Park Circus,Kolkata,18 AJC Bose Road
V004,SouthTech Services_68,JP Nagar,Bengaluru,212 JP Nagar 3rd Phase
V005,Deccan Suppliers_68,Shivajinagar,Pune,9 Jangali Maharaj Road
V006,Awadh Traders_68,Aliganj,Lucknow,6 Sector Q Aliganj
V007,Telangana Ventures_68,Jubilee Hills,Hyderabad,55 Road No 36 Jubilee Hills
V008,Marina Engineering_68,Teynampet,Chennai,44 Anna Salai Teynampet
V009,Navrang Enterprises_68,Navrangpura,Ahmedabad,27 University Road
V010,Amber Suppliers_68,Bapu Nagar,Jaipur,3S Sahakar Marg
V001,Shree BuildMart_69,DLF Phase 3,Gurugram,47 Udyog Vihar Phase 4
V002,Mumbai Infra Solutions_69,Bandra West,Mumbai,101 Turner Road Bandra
V003,Eastern Equipments_69,Park Circus,Kolkata,18 AJC Bose Road
V004,SouthTech Services_69,JP Nagar,Bengaluru,212 JP Nagar 3rd Phase
V005,Deccan Suppliers_69,Shivajinagar,Pune,9 Jangali Maharaj Road
V006,Awadh Traders_69,Aliganj,Lucknow,6 Sector Q Aliganj
V007,Telangana Ventures_69,Jubilee Hills,Hyderabad,55 Road No 36 Jubilee Hills
V008,Marina Engineering_69,Teynampet,Chennai,44 Anna Salai Teynampet
V009,Navrang Enterprises_69,Navrangpura,Ahmedabad,27 University Road
V010,Amber Suppliers_69,Bapu Nagar,Jaipur,3S Sahakar Marg
V001,Shree BuildMart_70,DLF Phase 3,Gurugram,47 Udyog Vihar Phase 4
V002,Mumbai Infra Solutions_70,Bandra West,Mumbai,101 Turner Road Bandra
V003,Eastern Equipments_70,Park Circus,Kolkata,18 AJC Bose Road
V004,SouthTech Services_70,JP Nagar,Bengaluru,212 JP Nagar 3rd Phase
V005,Deccan Suppliers_70,Shivajinagar,Pune,9 Jangali Maharaj Road
V006,Awadh Traders_70,Aliganj,Lucknow,6 Sector Q Aliganj
V007,Telangana Ventures_70,Jubilee Hills,Hyderabad,55 Road No 36 Jubilee Hills
V008,Marina Engineering_70,Teynampet,Chennai,44 Anna Salai Teynampet
V009,Navrang Enterprises_70,Navrangpura,Ahmedabad,27 University Road
V010,Amber Suppliers_70,Bapu Nagar,Jaipur,3S Sahakar Marg
V001,Shree BuildMart_71,DLF Phase 3,Gurugram,47 Udyog Vihar Phase 4
V002,Mumbai Infra Solutions_71,Bandra West,Mumbai,101 Turner Road Bandra
V003,Eastern Equipments_71,Park Circus,Kolkata,18 AJC Bose Road
V004,SouthTech Services_71,JP Nagar,Bengaluru,212 JP Nagar 3rd Phase
V005,Deccan Suppliers_71,Shivajinagar,Pune,9 Jangali Maharaj Road
V006,Awadh Traders_71,Aliganj,Lucknow,6 Sector Q Aliganj
V007,Telangana Ventures_71,Jubilee Hills,Hyderabad,55 Road No 36 Jubilee Hills
V008,Marina Engineering_71,Teynampet,Chennai,44 Anna Salai Teynampet
V009,Navrang Enterprises_71,Navrangpura,Ahmedabad,27 University Road
V010,Amber Suppliers_71,Bapu Nagar,Jaipur,3S Sahakar Marg
V001,Shree BuildMart_72,DLF Phase 3,Gurugram,47 Udyog Vihar Phase 4
V002,Mumbai Infra Solutions_72,Bandra West,Mumbai,101 Turner Road Bandra
V003,Eastern Equipments_72,Park Circus,Kolkata,18 AJC Bose Road
V004,SouthTech Services_72,JP Nagar,Bengaluru,212 JP Nagar 3rd Phase
V005,Deccan Suppliers_72,Shivajinagar,Pune,9 Jangali Maharaj Road
V006,Awadh Traders_72,Aliganj,Lucknow,6 Sector Q Aliganj
V007,Telangana Ventures_72,Jubilee Hills,Hyderabad,55 Road No 36 Jubilee Hills
V008,Marina Engineering_72,Teynampet,Chennai,44 Anna Salai Teynampet
V009,Navrang Enterprises_72,Navrangpura,Ahmedabad,27 University Road
V010,Amber Suppliers_72,Bapu Nagar,Jaipur,3S Sahakar Marg
V001,Shree BuildMart_73,DLF Phase 3,Gurugram,47 Udyog Vihar Phase 4
V002,Mumbai Infra Solutions_73,Bandra West,Mumbai,101 Turner Road Bandra
V003,Eastern Equipments_73,Park Circus,Kolkata,18 AJC Bose Road
V004,SouthTech Services_73,JP Nagar,Bengaluru,212 JP Nagar 3rd Phase
V005,Deccan Suppliers_73,Shivajinagar,Pune,9 Jangali Maharaj Road
V006,Awadh Traders_73,Aliganj,Lucknow,6 Sector Q Aliganj
V007,Telangana Ventures_73,Jubilee Hills,Hyderabad,55 Road No 36 Jubilee Hills
V008,Marina Engineering_73,Teynampet,Chennai,44 Anna Salai Teynampet
V009,Navrang Enterprises_73,Navrangpura,Ahmedabad,27 University Road
V010,Amber Suppliers_73,Bapu Nagar,Jaipur,3S Sahakar Marg
V001,Shree BuildMart_74,DLF Phase 3,Gurugram,47 Udyog Vihar Phase 4
V002,Mumbai Infra Solutions_74,Bandra West,Mumbai,101 Turner Road Bandra
V003,Eastern Equipments_74,Park Circus,Kolkata,18 AJC Bose Road
V004,SouthTech Services_74,JP Nagar,Bengaluru,212 JP Nagar 3rd Phase
V005,Deccan Suppliers_74,Shivajinagar,Pune,9 Jangali Maharaj Road
V006,Awadh Traders_74,Aliganj,Lucknow,6 Sector Q Aliganj
V007,Telangana Ventures_74,Jubilee Hills,Hyderabad,55 Road No 36 Jubilee Hills
V008,Marina Engineering_74,Teynampet,Chennai,44 Anna Salai Teynampet
V009,Navrang Enterprises_74,Navrangpura,Ahmedabad,27 University Road
V010,Amber Suppliers_74,Bapu Nagar,Jaipur,3S Sahakar Marg
V001,Shree BuildMart_75,DLF Phase 3,Gurugram,47 Udyog Vihar Phase 4
V002,Mumbai Infra Solutions_75,Bandra West,Mumbai,101 Turner Road Bandra
V003,Eastern Equipments_75,Park Circus,Kolkata,18 AJC Bose Road
V004,SouthTech Services_75,JP Nagar,Bengaluru,212 JP Nagar 3rd Phase
V005,Deccan Suppliers_75,Shivajinagar,Pune,9 Jangali Maharaj Road
V006,Awadh Traders_75,Aliganj,Lucknow,6 Sector Q Aliganj
V007,Telangana Ventures_75,Jubilee Hills,Hyderabad,55 Road No 36 Jubilee Hills
V008,Marina Engineering_75,Teynampet,Chennai,44 Anna Salai Teynampet
V009,Navrang Enterprises_75,Navrangpura,Ahmedabad,27 University Road
V010,Amber Suppliers_75,Bapu Nagar,Jaipur,3S Sahakar Marg
V001,Shree BuildMart_76,DLF Phase 3,Gurugram,47 Udyog Vihar Phase 4
V002,Mumbai Infra Solutions_76,Bandra West,Mumbai,101 Turner Road Bandra
V003,Eastern Equipments_76,Park Circus,Kolkata,18 AJC Bose Road
V004,SouthTech Services_76,JP Nagar,Bengaluru,212 JP Nagar 3rd Phase
V005,Deccan Suppliers_76,Shivajinagar,Pune,9 Jangali Maharaj Road
V006,Awadh Traders_76,Aliganj,Lucknow,6 Sector Q Aliganj
V007,Telangana Ventures_76,Jubilee Hills,Hyderabad,55 Road No 36 Jubilee Hills
V008,Marina Engineering_76,Teynampet,Chennai,44 Anna Salai Teynampet
V009,Navrang Enterprises_76,Navrangpura,Ahmedabad,27 University Road
V010,Amber Suppliers_76,Bapu Nagar,Jaipur,3S Sahakar Marg
V001,Shree BuildMart_77,DLF Phase 3,Gurugram,47 Udyog Vihar Phase 4
V002,Mumbai Infra Solutions_77,Bandra West,Mumbai,101 Turner Road Bandra
V003,Eastern Equipments_77,Park Circus,Kolkata,18 AJC Bose Road
V004,SouthTech Services_77,JP Nagar,Bengaluru,212 JP Nagar 3rd Phase
V005,Deccan Suppliers_77,Shivajinagar,Pune,9 Jangali Maharaj Road
V006,Awadh Traders_77,Aliganj,Lucknow,6 Sector Q Aliganj
V007,Telangana Ventures_77,Jubilee Hills,Hyderabad,55 Road No 36 Jubilee Hills
V008,Marina Engineering_77,Teynampet,Chennai,44 Anna Salai Teynampet
V009,Navrang Enterprises_77,Navrangpura,Ahmedabad,27 University Road
V010,Amber Suppliers_77,Bapu Nagar,Jaipur,3S Sahakar Marg
V001,Shree BuildMart_78,DLF Phase 3,Gurugram,47 Udyog Vihar Phase 4
V002,Mumbai Infra Solutions_78,Bandra West,Mumbai,101 Turner Road Bandra
V003,Eastern Equipments_78,Park Circus,Kolkata,18 AJC Bose Road
V004,SouthTech Services_78,JP Nagar,Bengaluru,212 JP Nagar 3rd Phase
V005,Deccan Suppliers_78,Shivajinagar,Pune,9 Jangali Maharaj Road
V006,Awadh Traders_78,Aliganj,Lucknow,6 Sector Q Aliganj
V007,Telangana Ventures_78,Jubilee Hills,Hyderabad,55 Road No 36 Jubilee Hills
V008,Marina Engineering_78,Teynampet,Chennai,44 Anna Salai Teynampet
V009,Navrang Enterprises_78,Navrangpura,Ahmedabad,27 University Road
V010,Amber Suppliers_78,Bapu Nagar,Jaipur,3S Sahakar Marg
V001,Shree BuildMart_79,DLF Phase 3,Gurugram,47 Udyog Vihar Phase 4
V002,Mumbai Infra Solutions_79,Bandra West,Mumbai,101 Turner Road Bandra
V003,Eastern Equipments_79,Park Circus,Kolkata,18 AJC Bose Road
V004,SouthTech Services_79,JP Nagar,Bengaluru,212 JP Nagar 3rd Phase
V005,Deccan Suppliers_79,Shivajinagar,Pune,9 Jangali Maharaj Road
V006,Awadh Traders_79,Aliganj,Lucknow,6 Sector Q Aliganj
V007,Telangana Ventures_79,Jubilee Hills,Hyderabad,55 Road No 36 Jubilee Hills
V008,Marina Engineering_79,Teynampet,Chennai,44 Anna Salai Teynampet
V009,Navrang Enterprises_79,Navrangpura,Ahmedabad,27 University Road
V010,Amber Suppliers_79,Bapu Nagar,Jaipur,3S Sahakar Marg
V001,Shree BuildMart_80,DLF Phase 3,Gurugram,47 Udyog Vihar Phase 4
V002,Mumbai Infra Solutions_80,Bandra West,Mumbai,101 Turner Road Bandra
V003,Eastern Equipments_80,Park Circus,Kolkata,18 AJC Bose Road
V004,SouthTech Services_80,JP Nagar,Bengaluru,212 JP Nagar 3rd Phase
V005,Deccan Suppliers_80,Shivajinagar,Pune,9 Jangali Maharaj Road
V006,Awadh Traders_80,Aliganj,Lucknow,6 Sector Q Aliganj
V007,Telangana Ventures_80,Jubilee Hills,Hyderabad,55 Road No 36 Jubilee Hills
V008,Marina Engineering_80,Teynampet,Chennai,44 Anna Salai Teynampet
V009,Navrang Enterprises_80,Navrangpura,Ahmedabad,27 University Road
V010,Amber Suppliers_80,Bapu Nagar,Jaipur,3S Sahakar Marg
V001,Shree BuildMart_81,DLF Phase 3,Gurugram,47 Udyog Vihar Phase 4
V002,Mumbai Infra Solutions_81,Bandra West,Mumbai,101 Turner Road Bandra
V003,Eastern Equipments_81,Park Circus,Kolkata,18 AJC Bose Road
V004,SouthTech Services_81,JP Nagar,Bengaluru,212 JP Nagar 3rd Phase
V005,Deccan Suppliers_81,Shivajinagar,Pune,9 Jangali Maharaj Road
V006,Awadh Traders_81,Aliganj,Lucknow,6 Sector Q Aliganj
V007,Telangana Ventures_81,Jubilee Hills,Hyderabad,55 Road No 36 Jubilee Hills
V008,Marina Engineering_81,Teynampet,Chennai,44 Anna Salai Teynampet
V009,Navrang Enterprises_81,Navrangpura,Ahmedabad,27 University Road
V010,Amber Suppliers_81,Bapu Nagar,Jaipur,3S Sahakar Marg
V001,Shree BuildMart_82,DLF Phase 3,Gurugram,47 Udyog Vihar Phase 4
V002,Mumbai Infra Solutions_82,Bandra West,Mumbai,101 Turner Road Bandra
V003,Eastern Equipments_82,Park Circus,Kolkata,18 AJC Bose Road
V004,SouthTech Services_82,JP Nagar,Bengaluru,212 JP Nagar 3rd Phase
V005,Deccan Suppliers_82,Shivajinagar,Pune,9 Jangali Maharaj Road
V006,Awadh Traders_82,Aliganj,Lucknow,6 Sector Q Aliganj
V007,Telangana Ventures_82,Jubilee Hills,Hyderabad,55 Road No 36 Jubilee Hills
V008,Marina Engineering_82,Teynampet,Chennai,44 Anna Salai Teynampet
V009,Navrang Enterprises_82,Navrangpura,Ahmedabad,27 University Road
V010,Amber Suppliers_82,Bapu Nagar,Jaipur,3S Sahakar Marg
V001,Shree BuildMart_83,DLF Phase 3,Gurugram,47 Udyog Vihar Phase 4
V002,Mumbai Infra Solutions_83,Bandra West,Mumbai,101 Turner Road Bandra
V003,Eastern Equipments_83,Park Circus,Kolkata,18 AJC Bose Road
V004,SouthTech Services_83,JP Nagar,Bengaluru,212 JP Nagar 3rd Phase
V005,Deccan Suppliers_83,Shivajinagar,Pune,9 Jangali Maharaj Road
V006,Awadh Traders_83,Aliganj,Lucknow,6 Sector Q Aliganj
V007,Telangana Ventures_83,Jubilee Hills,Hyderabad,55 Road No 36 Jubilee Hills
V008,Marina Engineering_83,Teynampet,Chennai,44 Anna Salai Teynampet
V009,Navrang Enterprises_83,Navrangpura,Ahmedabad,27 University Road
V010,Amber Suppliers_83,Bapu Nagar,Jaipur,3S Sahakar Marg
V001,Shree BuildMart_84,DLF Phase 3,Gurugram,47 Udyog Vihar Phase 4
V002,Mumbai Infra Solutions_84,Bandra West,Mumbai,101 Turner Road Bandra
V003,Eastern Equipments_84,Park Circus,Kolkata,18 AJC Bose Road
V004,SouthTech Services_84,JP Nagar,Bengaluru,212 JP Nagar 3rd Phase
V005,Deccan Suppliers_84,Shivajinagar,Pune,9 Jangali Maharaj Road
V006,Awadh Traders_84,Aliganj,Lucknow,6 Sector Q Aliganj
V007,Telangana Ventures_84,Jubilee Hills,Hyderabad,55 Road No 36 Jubilee Hills
V008,Marina Engineering_84,Teynampet,Chennai,44 Anna Salai Teynampet
V009,Navrang Enterprises_84,Navrangpura,Ahmedabad,27 University Road
V010,Amber Suppliers_84,Bapu Nagar,Jaipur,3S Sahakar Marg
V001,Shree BuildMart_85,DLF Phase 3,Gurugram,47 Udyog Vihar Phase 4
V002,Mumbai Infra Solutions_85,Bandra West,Mumbai,101 Turner Road Bandra
V003,Eastern Equipments_85,Park Circus,Kolkata,18 AJC Bose Road
V004,SouthTech Services_85,JP Nagar,Bengaluru,212 JP Nagar 3rd Phase
V005,Deccan Suppliers_85,Shivajinagar,Pune,9 Jangali Maharaj Road
V006,Awadh Traders_85,Aliganj,Lucknow,6 Sector Q Aliganj
V007,Telangana Ventures_85,Jubilee Hills,Hyderabad,55 Road No 36 Jubilee Hills
V008,Marina Engineering_85,Teynampet,Chennai,44 Anna Salai Teynampet
V009,Navrang Enterprises_85,Navrangpura,Ahmedabad,27 University Road
V010,Amber Suppliers_85,Bapu Nagar,Jaipur,3S Sahakar Marg
V001,Shree BuildMart_86,DLF Phase 3,Gurugram,47 Udyog Vihar Phase 4
V002,Mumbai Infra Solutions_86,Bandra West,Mumbai,101 Turner Road Bandra
V003,Eastern Equipments_86,Park Circus,Kolkata,18 AJC Bose Road
V004,SouthTech Services_86,JP Nagar,Bengaluru,212 JP Nagar 3rd Phase
V005,Deccan Suppliers_86,Shivajinagar,Pune,9 Jangali Maharaj Road
V006,Awadh Traders_86,Aliganj,Lucknow,6 Sector Q Aliganj
V007,Telangana Ventures_86,Jubilee Hills,Hyderabad,55 Road No 36 Jubilee Hills
V008,Marina Engineering_86,Teynampet,Chennai,44 Anna Salai Teynampet
V009,Navrang Enterprises_86,Navrangpura,Ahmedabad,27 University Road
V010,Amber Suppliers_86,Bapu Nagar,Jaipur,3S Sahakar Marg
V001,Shree BuildMart_87,DLF Phase 3,Gurugram,47 Udyog Vihar Phase 4
V002,Mumbai Infra Solutions_87,Bandra West,Mumbai,101 Turner Road Bandra
V003,Eastern Equipments_87,Park Circus,Kolkata,18 AJC Bose Road
V004,SouthTech Services_87,JP Nagar,Bengaluru,212 JP Nagar 3rd Phase
V005,Deccan Suppliers_87,Shivajinagar,Pune,9 Jangali Maharaj Road
V006,Awadh Traders_87,Aliganj,Lucknow,6 Sector Q Aliganj
V007,Telangana Ventures_87,Jubilee Hills,Hyderabad,55 Road No 36 Jubilee Hills
V008,Marina Engineering_87,Teynampet,Chennai,44 Anna Salai Teynampet
V009,Navrang Enterprises_87,Navrangpura,Ahmedabad,27 University Road
V010,Amber Suppliers_87,Bapu Nagar,Jaipur,3S Sahakar Marg
V001,Shree BuildMart_88,DLF Phase 3,Gurugram,47 Udyog Vihar Phase 4
V002,Mumbai Infra Solutions_88,Bandra West,Mumbai,101 Turner Road Bandra
V003,Eastern Equipments_88,Park Circus,Kolkata,18 AJC Bose Road
V004,SouthTech Services_88,JP Nagar,Bengaluru,212 JP Nagar 3rd Phase
V005,Deccan Suppliers_88,Shivajinagar,Pune,9 Jangali Maharaj Road
V006,Awadh Traders_88,Aliganj,Lucknow,6 Sector Q Aliganj
V007,Telangana Ventures_88,Jubilee Hills,Hyderabad,55 Road No 36 Jubilee Hills
V008,Marina Engineering_88,Teynampet,Chennai,44 Anna Salai Teynampet
V009,Navrang Enterprises_88,Navrangpura,Ahmedabad,27 University Road
V010,Amber Suppliers_88,Bapu Nagar,Jaipur,3S Sahakar Marg
V001,Shree BuildMart_89,DLF Phase 3,Gurugram,47 Udyog Vihar Phase 4
V002,Mumbai Infra Solutions_89,Bandra West,Mumbai,101 Turner Road Bandra
V003,Eastern Equipments_89,Park Circus,Kolkata,18 AJC Bose Road
V004,SouthTech Services_89,JP Nagar,Bengaluru,212 JP Nagar 3rd Phase
V005,Deccan Suppliers_89,Shivajinagar,Pune,9 Jangali Maharaj Road
V006,Awadh Traders_89,Aliganj,Lucknow,6 Sector Q Aliganj
V007,Telangana Ventures_89,Jubilee Hills,Hyderabad,55 Road No 36 Jubilee Hills
V008,Marina Engineering_89,Teynampet,Chennai,44 Anna Salai Teynampet
V009,Navrang Enterprises_89,Navrangpura,Ahmedabad,27 University Road
V010,Amber Suppliers_89,Bapu Nagar,Jaipur,3S Sahakar Marg
V001,Shree BuildMart_90,DLF Phase 3,Gurugram,47 Udyog Vihar Phase 4
V002,Mumbai Infra Solutions_90,Bandra West,Mumbai,101 Turner Road Bandra
V003,Eastern Equipments_90,Park Circus,Kolkata,18 AJC Bose Road
V004,SouthTech Services_90,JP Nagar,Bengaluru,212 JP Nagar 3rd Phase
V005,Deccan Suppliers_90,Shivajinagar,Pune,9 Jangali Maharaj Road
V006,Awadh Traders_90,Aliganj,Lucknow,6 Sector Q Aliganj
V007,Telangana Ventures_90,Jubilee Hills,Hyderabad,55 Road No 36 Jubilee Hills
V008,Marina Engineering_90,Teynampet,Chennai,44 Anna Salai Teynampet
V009,Navrang Enterprises_90,Navrangpura,Ahmedabad,27 University Road
V010,Amber Suppliers_90,Bapu Nagar,Jaipur,3S Sahakar Marg
V001,Shree BuildMart_91,DLF Phase 3,Gurugram,47 Udyog Vihar Phase 4
V002,Mumbai Infra Solutions_91,Bandra West,Mumbai,101 Turner Road Bandra
V003,Eastern Equipments_91,Park Circus,Kolkata,18 AJC Bose Road
V004,SouthTech Services_91,JP Nagar,Bengaluru,212 JP Nagar 3rd Phase
V005,Deccan Suppliers_91,Shivajinagar,Pune,9 Jangali Maharaj Road
V006,Awadh Traders_91,Aliganj,Lucknow,6 Sector Q Aliganj
V007,Telangana Ventures_91,Jubilee Hills,Hyderabad,55 Road No 36 Jubilee Hills
V008,Marina Engineering_91,Teynampet,Chennai,44 Anna Salai Teynampet
V009,Navrang Enterprises_91,Navrangpura,Ahmedabad,27 University Road
V010,Amber Suppliers_91,Bapu Nagar,Jaipur,3S Sahakar Marg
V001,Shree BuildMart_92,DLF Phase 3,Gurugram,47 Udyog Vihar Phase 4
V002,Mumbai Infra Solutions_92,Bandra West,Mumbai,101 Turner Road Bandra
V003,Eastern Equipments_92,Park Circus,Kolkata,18 AJC Bose Road
V004,SouthTech Services_92,JP Nagar,Bengaluru,212 JP Nagar 3rd Phase
V005,Deccan Suppliers_92,Shivajinagar,Pune,9 Jangali Maharaj Road
V006,Awadh Traders_92,Aliganj,Lucknow,6 Sector Q Aliganj
V007,Telangana Ventures_92,Jubilee Hills,Hyderabad,55 Road No 36 Jubilee Hills
V008,Marina Engineering_92,Teynampet,Chennai,44 Anna Salai Teynampet
V009,Navrang Enterprises_92,Navrangpura,Ahmedabad,27 University Road
V010,Amber Suppliers_92,Bapu Nagar,Jaipur,3S Sahakar Marg
V001,Shree BuildMart_93,DLF Phase 3,Gurugram,47 Udyog Vihar Phase 4
V002,Mumbai Infra Solutions_93,Bandra West,Mumbai,101 Turner Road Bandra
V003,Eastern Equipments_93,Park Circus,Kolkata,18 AJC Bose Road
V004,SouthTech Services_93,JP Nagar,Bengaluru,212 JP Nagar 3rd Phase
V005,Deccan Suppliers_93,Shivajinagar,Pune,9 Jangali Maharaj Road
V006,Awadh Traders_93,Aliganj,Lucknow,6 Sector Q Aliganj
V007,Telangana Ventures_93,Jubilee Hills,Hyderabad,55 Road No 36 Jubilee Hills
V008,Marina Engineering_93,Teynampet,Chennai,44 Anna Salai Teynampet
V009,Navrang Enterprises_93,Navrangpura,Ahmedabad,27 University Road
V010,Amber Suppliers_93,Bapu Nagar,Jaipur,3S Sahakar Marg
V001,Shree BuildMart_94,DLF Phase 3,Gurugram,47 Udyog Vihar Phase 4
V002,Mumbai Infra Solutions_94,Bandra West,Mumbai,101 Turner Road Bandra
V003,Eastern Equipments_94,Park Circus,Kolkata,18 AJC Bose Road
V004,SouthTech Services_94,JP Nagar,Bengaluru,212 JP Nagar 3rd Phase
V005,Deccan Suppliers_94,Shivajinagar,Pune,9 Jangali Maharaj Road
V006,Awadh Traders_94,Aliganj,Lucknow,6 Sector Q Aliganj
V007,Telangana Ventures_94,Jubilee Hills,Hyderabad,55 Road No 36 Jubilee Hills
V008,Marina Engineering_94,Teynampet,Chennai,44 Anna Salai Teynampet
V009,Navrang Enterprises_94,Navrangpura,Ahmedabad,27 University Road
V010,Amber Suppliers_94,Bapu Nagar,Jaipur,3S Sahakar Marg
V001,Shree BuildMart_95,DLF Phase 3,Gurugram,47 Udyog Vihar Phase 4
V002,Mumbai Infra Solutions_95,Bandra West,Mumbai,101 Turner Road Bandra
V003,Eastern Equipments_95,Park Circus,Kolkata,18 AJC Bose Road
V004,SouthTech Services_95,JP Nagar,Bengaluru,212 JP Nagar 3rd Phase
V005,Deccan Suppliers_95,Shivajinagar,Pune,9 Jangali Maharaj Road
V006,Awadh Traders_95,Aliganj,Lucknow,6 Sector Q Aliganj
V007,Telangana Ventures_95,Jubilee Hills,Hyderabad,55 Road No 36 Jubilee Hills
V008,Marina Engineering_95,Teynampet,Chennai,44 Anna Salai Teynampet
V009,Navrang Enterprises_95,Navrangpura,Ahmedabad,27 University Road
V010,Amber Suppliers_95,Bapu Nagar,Jaipur,3S Sahakar Marg
V001,Shree BuildMart_96,DLF Phase 3,Gurugram,47 Udyog Vihar Phase 4
V002,Mumbai Infra Solutions_96,Bandra West,Mumbai,101 Turner Road Bandra
V003,Eastern Equipments_96,Park Circus,Kolkata,18 AJC Bose Road
V004,SouthTech Services_96,JP Nagar,Bengaluru,212 JP Nagar 3rd Phase
V005,Deccan Suppliers_96,Shivajinagar,Pune,9 Jangali Maharaj Road
V006,Awadh Traders_96,Aliganj,Lucknow,6 Sector Q Aliganj
V007,Telangana Ventures_96,Jubilee Hills,Hyderabad,55 Road No 36 Jubilee Hills
V008,Marina Engineering_96,Teynampet,Chennai,44 Anna Salai Teynampet
V009,Navrang Enterprises_96,Navrangpura,Ahmedabad,27 University Road
V010,Amber Suppliers_96,Bapu Nagar,Jaipur,3S Sahakar Marg
V001,Shree BuildMart_97,DLF Phase 3,Gurugram,47 Udyog Vihar Phase 4
V002,Mumbai Infra Solutions_97,Bandra West,Mumbai,101 Turner Road Bandra
V003,Eastern Equipments_97,Park Circus,Kolkata,18 AJC Bose Road
V004,SouthTech Services_97,JP Nagar,Bengaluru,212 JP Nagar 3rd Phase
V005,Deccan Suppliers_97,Shivajinagar,Pune,9 Jangali Maharaj Road
V006,Awadh Traders_97,Aliganj,Lucknow,6 Sector Q Aliganj
V007,Telangana Ventures_97,Jubilee Hills,Hyderabad,55 Road No 36 Jubilee Hills
V008,Marina Engineering_97,Teynampet,Chennai,44 Anna Salai Teynampet
V009,Navrang Enterprises_97,Navrangpura,Ahmedabad,27 University Road
V010,Amber Suppliers_97,Bapu Nagar,Jaipur,3S Sahakar Marg
V001,Shree BuildMart_98,DLF Phase 3,Gurugram,47 Udyog Vihar Phase 4
V002,Mumbai Infra Solutions_98,Bandra West,Mumbai,101 Turner Road Bandra
V003,Eastern Equipments_98,Park Circus,Kolkata,18 AJC Bose Road
V004,SouthTech Services_98,JP Nagar,Bengaluru,212 JP Nagar 3rd Phase
V005,Deccan Suppliers_98,Shivajinagar,Pune,9 Jangali Maharaj Road
V006,Awadh Traders_98,Aliganj,Lucknow,6 Sector Q Aliganj
V007,Telangana Ventures_98,Jubilee Hills,Hyderabad,55 Road No 36 Jubilee Hills
V008,Marina Engineering_98,Teynampet,Chennai,44 Anna Salai Teynampet
V009,Navrang Enterprises_98,Navrangpura,Ahmedabad,27 University Road
V010,Amber Suppliers_98,Bapu Nagar,Jaipur,3S Sahakar Marg
V001,Shree BuildMart_99,DLF Phase 3,Gurugram,47 Udyog Vihar Phase 4
V002,Mumbai Infra Solutions_99,Bandra West,Mumbai,101 Turner Road Bandra
V003,Eastern Equipments_99,Park Circus,Kolkata,18 AJC Bose Road
V004,SouthTech Services_99,JP Nagar,Bengaluru,212 JP Nagar 3rd Phase
V005,Deccan Suppliers_99,Shivajinagar,Pune,9 Jangali Maharaj Road
V006,Awadh Traders_99,Aliganj,Lucknow,6 Sector Q Aliganj
V007,Telangana Ventures_99,Jubilee Hills,Hyderabad,55 Road No 36 Jubilee Hills
V008,Marina Engineering_99,Teynampet,Chennai,44 Anna Salai Teynampet
V009,Navrang Enterprises_99,Navrangpura,Ahmedabad,27 University Road
V010,Amber Suppliers_99,Bapu Nagar,Jaipur,3S Sahakar Marg
V001,Shree BuildMart_100,DLF Phase 3,Gurugram,47 Udyog Vihar Phase 4
V002,Mumbai Infra Solutions_100,Bandra West,Mumbai,101 Turner Road Bandra
V003,Eastern Equipments_100,Park Circus,Kolkata,18 AJC Bose Road
V004,SouthTech Services_100,JP Nagar,Bengaluru,212 JP Nagar 3rd Phase
V005,Deccan Suppliers_100,Shivajinagar,Pune,9 Jangali Maharaj Road
V006,Awadh Traders_100,Aliganj,Lucknow,6 Sector Q Aliganj
V007,Telangana Ventures_100,Jubilee Hills,Hyderabad,55 Road No 36 Jubilee Hills
V008,Marina Engineering_100,Teynampet,Chennai,44 Anna Salai Teynampet
V009,Navrang Enterprises_100,Navrangpura,Ahmedabad,27 University Road
V010,Amber Suppliers_100,Bapu Nagar,Jaipur,3S Sahakar Marg
V001,Shree BuildMart_101,DLF Phase 3,Gurugram,47 Udyog Vihar Phase 4
V002,Mumbai Infra Solutions_101,Bandra West,Mumbai,101 Turner Road Bandra
V003,Eastern Equipments_101,Park Circus,Kolkata,18 AJC Bose Road
V004,SouthTech Services_101,JP Nagar,Bengaluru,212 JP Nagar 3rd Phase
V005,Deccan Suppliers_101,Shivajinagar,Pune,9 Jangali Maharaj Road
V006,Awadh Traders_101,Aliganj,Lucknow,6 Sector Q Aliganj
V007,Telangana Ventures_101,Jubilee Hills,Hyderabad,55 Road No 36 Jubilee Hills
V008,Marina Engineering_101,Teynampet,Chennai,44 Anna Salai Teynampet
V009,Navrang Enterprises_101,Navrangpura,Ahmedabad,27 University Road
V010,Amber Suppliers_101,Bapu Nagar,Jaipur,3S Sahakar Marg
V001,Shree BuildMart_102,DLF Phase 3,Gurugram,47 Udyog Vihar Phase 4
V002,Mumbai Infra Solutions_102,Bandra West,Mumbai,101 Turner Road Bandra
V003,Eastern Equipments_102,Park Circus,Kolkata,18 AJC Bose Road
V004,SouthTech Services_102,JP Nagar,Bengaluru,212 JP Nagar 3rd Phase
V005,Deccan Suppliers_102,Shivajinagar,Pune,9 Jangali Maharaj Road
V006,Awadh Traders_102,Aliganj,Lucknow,6 Sector Q Aliganj
V007,Telangana Ventures_102,Jubilee Hills,Hyderabad,55 Road No 36 Jubilee Hills
V008,Marina Engineering_102,Teynampet,Chennai,44 Anna Salai Teynampet
V009,Navrang Enterprises_102,Navrangpura,Ahmedabad,27 University Road
V010,Amber Suppliers_102,Bapu Nagar,Jaipur,3S Sahakar Marg
V001,Shree BuildMart_103,DLF Phase 3,Gurugram,47 Udyog Vihar Phase 4
V002,Mumbai Infra Solutions_103,Bandra West,Mumbai,101 Turner Road Bandra
V003,Eastern Equipments_103,Park Circus,Kolkata,18 AJC Bose Road
V004,SouthTech Services_103,JP Nagar,Bengaluru,212 JP Nagar 3rd Phase
V005,Deccan Suppliers_103,Shivajinagar,Pune,9 Jangali Maharaj Road
V006,Awadh Traders_103,Aliganj,Lucknow,6 Sector Q Aliganj
V007,Telangana Ventures_103,Jubilee Hills,Hyderabad,55 Road No 36 Jubilee Hills
V008,Marina Engineering_103,Teynampet,Chennai,44 Anna Salai Teynampet
V009,Navrang Enterprises_103,Navrangpura,Ahmedabad,27 University Road
V010,Amber Suppliers_103,Bapu Nagar,Jaipur,3S Sahakar Marg
V001,Shree BuildMart_104,DLF Phase 3,Gurugram,47 Udyog Vihar Phase 4
V002,Mumbai Infra Solutions_104,Bandra West,Mumbai,101 Turner Road Bandra
V003,Eastern Equipments_104,Park Circus,Kolkata,18 AJC Bose Road
V004,SouthTech Services_104,JP Nagar,Bengaluru,212 JP Nagar 3rd Phase
V005,Deccan Suppliers_104,Shivajinagar,Pune,9 Jangali Maharaj Road
V006,Awadh Traders_104,Aliganj,Lucknow,6 Sector Q Aliganj
V007,Telangana Ventures_104,Jubilee Hills,Hyderabad,55 Road No 36 Jubilee Hills
V008,Marina Engineering_104,Teynampet,Chennai,44 Anna Salai Teynampet
V009,Navrang Enterprises_104,Navrangpura,Ahmedabad,27 University Road
V010,Amber Suppliers_104,Bapu Nagar,Jaipur,3S Sahakar Marg
V001,Shree BuildMart_105,DLF Phase 3,Gurugram,47 Udyog Vihar Phase 4
V002,Mumbai Infra Solutions_105,Bandra West,Mumbai,101 Turner Road Bandra
V003,Eastern Equipments_105,Park Circus,Kolkata,18 AJC Bose Road
V004,SouthTech Services_105,JP Nagar,Bengaluru,212 JP Nagar 3rd Phase
V005,Deccan Suppliers_105,Shivajinagar,Pune,9 Jangali Maharaj Road
V006,Awadh Traders_105,Aliganj,Lucknow,6 Sector Q Aliganj
V007,Telangana Ventures_105,Jubilee Hills,Hyderabad,55 Road No 36 Jubilee Hills
V008,Marina Engineering_105,Teynampet,Chennai,44 Anna Salai Teynampet
V009,Navrang Enterprises_105,Navrangpura,Ahmedabad,27 University Road
V010,Amber Suppliers_105,Bapu Nagar,Jaipur,3S Sahakar Marg
V001,Shree BuildMart_106,DLF Phase 3,Gurugram,47 Udyog Vihar Phase 4
V002,Mumbai Infra Solutions_106,Bandra West,Mumbai,101 Turner Road Bandra
V003,Eastern Equipments_106,Park Circus,Kolkata,18 AJC Bose Road
V004,SouthTech Services_106,JP Nagar,Bengaluru,212 JP Nagar 3rd Phase
V005,Deccan Suppliers_106,Shivajinagar,Pune,9 Jangali Maharaj Road
V006,Awadh Traders_106,Aliganj,Lucknow,6 Sector Q Aliganj
V007,Telangana Ventures_106,Jubilee Hills,Hyderabad,55 Road No 36 Jubilee Hills
V008,Marina Engineering_106,Teynampet,Chennai,44 Anna Salai Teynampet
V009,Navrang Enterprises_106,Navrangpura,Ahmedabad,27 University Road
V010,Amber Suppliers_106,Bapu Nagar,Jaipur,3S Sahakar Marg
V001,Shree BuildMart_107,DLF Phase 3,Gurugram,47 Udyog Vihar Phase 4
V002,Mumbai Infra Solutions_107,Bandra West,Mumbai,101 Turner Road Bandra
V003,Eastern Equipments_107,Park Circus,Kolkata,18 AJC Bose Road
V004,SouthTech Services_107,JP Nagar,Bengaluru,212 JP Nagar 3rd Phase
V005,Deccan Suppliers_107,Shivajinagar,Pune,9 Jangali Maharaj Road
V006,Awadh Traders_107,Aliganj,Lucknow,6 Sector Q Aliganj
V007,Telangana Ventures_107,Jubilee Hills,Hyderabad,55 Road No 36 Jubilee Hills
V008,Marina Engineering_107,Teynampet,Chennai,44 Anna Salai Teynampet
V009,Navrang Enterprises_107,Navrangpura,Ahmedabad,27 University Road
V010,Amber Suppliers_107,Bapu Nagar,Jaipur,3S Sahakar Marg
V001,Shree BuildMart_108,DLF Phase 3,Gurugram,47 Udyog Vihar Phase 4
V002,Mumbai Infra Solutions_108,Bandra West,Mumbai,101 Turner Road Bandra
V003,Eastern Equipments_108,Park Circus,Kolkata,18 AJC Bose Road
V004,SouthTech Services_108,JP Nagar,Bengaluru,212 JP Nagar 3rd Phase
V005,Deccan Suppliers_108,Shivajinagar,Pune,9 Jangali Maharaj Road
V006,Awadh Traders_108,Aliganj,Lucknow,6 Sector Q Aliganj
V007,Telangana Ventures_108,Jubilee Hills,Hyderabad,55 Road No 36 Jubilee Hills
V008,Marina Engineering_108,Teynampet,Chennai,44 Anna Salai Teynampet
V009,Navrang Enterprises_108,Navrangpura,Ahmedabad,27 University Road
V010,Amber Suppliers_108,Bapu Nagar,Jaipur,3S Sahakar Marg
V001,Shree BuildMart_109,DLF Phase 3,Gurugram,47 Udyog Vihar Phase 4
V002,Mumbai Infra Solutions_109,Bandra West,Mumbai,101 Turner Road Bandra
V003,Eastern Equipments_109,Park Circus,Kolkata,18 AJC Bose Road
V004,SouthTech Services_109,JP Nagar,Bengaluru,212 JP Nagar 3rd Phase
V005,Deccan Suppliers_109,Shivajinagar,Pune,9 Jangali Maharaj Road
V006,Awadh Traders_109,Aliganj,Lucknow,6 Sector Q Aliganj
V007,Telangana Ventures_109,Jubilee Hills,Hyderabad,55 Road No 36 Jubilee Hills
V008,Marina Engineering_109,Teynampet,Chennai,44 Anna Salai Teynampet
V009,Navrang Enterprises_109,Navrangpura,Ahmedabad,27 University Road
V010,Amber Suppliers_109,Bapu Nagar,Jaipur,3S Sahakar Marg
V001,Shree BuildMart_110,DLF Phase 3,Gurugram,47 Udyog Vihar Phase 4
V002,Mumbai Infra Solutions_110,Bandra West,Mumbai,101 Turner Road Bandra
V003,Eastern Equipments_110,Park Circus,Kolkata,18 AJC Bose Road
V004,SouthTech Services_110,JP Nagar,Bengaluru,212 JP Nagar 3rd Phase
V005,Deccan Suppliers_110,Shivajinagar,Pune,9 Jangali Maharaj Road
V006,Awadh Traders_110,Aliganj,Lucknow,6 Sector Q Aliganj
V007,Telangana Ventures_110,Jubilee Hills,Hyderabad,55 Road No 36 Jubilee Hills
V008,Marina Engineering_110,Teynampet,Chennai,44 Anna Salai Teynampet
V009,Navrang Enterprises_110,Navrangpura,Ahmedabad,27 University Road
V010,Amber Suppliers_110,Bapu Nagar,Jaipur,3S Sahakar Marg
V001,Shree BuildMart_111,DLF Phase 3,Gurugram,47 Udyog Vihar Phase 4
V002,Mumbai Infra Solutions_111,Bandra West,Mumbai,101 Turner Road Bandra
V003,Eastern Equipments_111,Park Circus,Kolkata,18 AJC Bose Road
V004,SouthTech Services_111,JP Nagar,Bengaluru,212 JP Nagar 3rd Phase
V005,Deccan Suppliers_111,Shivajinagar,Pune,9 Jangali Maharaj Road
V006,Awadh Traders_111,Aliganj,Lucknow,6 Sector Q Aliganj
V007,Telangana Ventures_111,Jubilee Hills,Hyderabad,55 Road No 36 Jubilee Hills
V008,Marina Engineering_111,Teynampet,Chennai,44 Anna Salai Teynampet
V009,Navrang Enterprises_111,Navrangpura,Ahmedabad,27 University Road
V010,Amber Suppliers_111,Bapu Nagar,Jaipur,3S Sahakar Marg
V001,Shree BuildMart_112,DLF Phase 3,Gurugram,47 Udyog Vihar Phase 4
V002,Mumbai Infra Solutions_112,Bandra West,Mumbai,101 Turner Road Bandra
V003,Eastern Equipments_112,Park Circus,Kolkata,18 AJC Bose Road
V004,SouthTech Services_112,JP Nagar,Bengaluru,212 JP Nagar 3rd Phase
V005,Deccan Suppliers_112,Shivajinagar,Pune,9 Jangali Maharaj Road
V006,Awadh Traders_112,Aliganj,Lucknow,6 Sector Q Aliganj
V007,Telangana Ventures_112,Jubilee Hills,Hyderabad,55 Road No 36 Jubilee Hills
V008,Marina Engineering_112,Teynampet,Chennai,44 Anna Salai Teynampet
V009,Navrang Enterprises_112,Navrangpura,Ahmedabad,27 University Road
V010,Amber Suppliers_112,Bapu Nagar,Jaipur,3S Sahakar Marg
V001,Shree BuildMart_113,DLF Phase 3,Gurugram,47 Udyog Vihar Phase 4
V002,Mumbai Infra Solutions_113,Bandra West,Mumbai,101 Turner Road Bandra
V003,Eastern Equipments_113,Park Circus,Kolkata,18 AJC Bose Road
V004,SouthTech Services_113,JP Nagar,Bengaluru,212 JP Nagar 3rd Phase
V005,Deccan Suppliers_113,Shivajinagar,Pune,9 Jangali Maharaj Road
V006,Awadh Traders_113,Aliganj,Lucknow,6 Sector Q Aliganj
V007,Telangana Ventures_113,Jubilee Hills,Hyderabad,55 Road No 36 Jubilee Hills
V008,Marina Engineering_113,Teynampet,Chennai,44 Anna Salai Teynampet
V009,Navrang Enterprises_113,Navrangpura,Ahmedabad,27 University Road
V010,Amber Suppliers_113,Bapu Nagar,Jaipur,3S Sahakar Marg
V001,Shree BuildMart_114,DLF Phase 3,Gurugram,47 Udyog Vihar Phase 4
V002,Mumbai Infra Solutions_114,Bandra West,Mumbai,101 Turner Road Bandra
V003,Eastern Equipments_114,Park Circus,Kolkata,18 AJC Bose Road
V004,SouthTech Services_114,JP Nagar,Bengaluru,212 JP Nagar 3rd Phase
V005,Deccan Suppliers_114,Shivajinagar,Pune,9 Jangali Maharaj Road
V006,Awadh Traders_114,Aliganj,Lucknow,6 Sector Q Aliganj
V007,Telangana Ventures_114,Jubilee Hills,Hyderabad,55 Road No 36 Jubilee Hills
V008,Marina Engineering_114,Teynampet,Chennai,44 Anna Salai Teynampet
V009,Navrang Enterprises_114,Navrangpura,Ahmedabad,27 University Road
V010,Amber Suppliers_114,Bapu Nagar,Jaipur,3S Sahakar Marg
V001,Shree BuildMart_115,DLF Phase 3,Gurugram,47 Udyog Vihar Phase 4
V002,Mumbai Infra Solutions_115,Bandra West,Mumbai,101 Turner Road Bandra
V003,Eastern Equipments_115,Park Circus,Kolkata,18 AJC Bose Road
V004,SouthTech Services_115,JP Nagar,Bengaluru,212 JP Nagar 3rd Phase
V005,Deccan Suppliers_115,Shivajinagar,Pune,9 Jangali Maharaj Road
V006,Awadh Traders_115,Aliganj,Lucknow,6 Sector Q Aliganj
V007,Telangana Ventures_115,Jubilee Hills,Hyderabad,55 Road No 36 Jubilee Hills
V008,Marina Engineering_115,Teynampet,Chennai,44 Anna Salai Teynampet
V009,Navrang Enterprises_115,Navrangpura,Ahmedabad,27 University Road
V010,Amber Suppliers_115,Bapu Nagar,Jaipur,3S Sahakar Marg
V001,Shree BuildMart_116,DLF Phase 3,Gurugram,47 Udyog Vihar Phase 4
V002,Mumbai Infra Solutions_116,Bandra West,Mumbai,101 Turner Road Bandra
V003,Eastern Equipments_116,Park Circus,Kolkata,18 AJC Bose Road
V004,SouthTech Services_116,JP Nagar,Bengaluru,212 JP Nagar 3rd Phase
V005,Deccan Suppliers_116,Shivajinagar,Pune,9 Jangali Maharaj Road
V006,Awadh Traders_116,Aliganj,Lucknow,6 Sector Q Aliganj
V007,Telangana Ventures_116,Jubilee Hills,Hyderabad,55 Road No 36 Jubilee Hills
V008,Marina Engineering_116,Teynampet,Chennai,44 Anna Salai Teynampet
V009,Navrang Enterprises_116,Navrangpura,Ahmedabad,27 University Road
V010,Amber Suppliers_116,Bapu Nagar,Jaipur,3S Sahakar Marg
V001,Shree BuildMart_117,DLF Phase 3,Gurugram,47 Udyog Vihar Phase 4
V002,Mumbai Infra Solutions_117,Bandra West,Mumbai,101 Turner Road Bandra
V003,Eastern Equipments_117,Park Circus,Kolkata,18 AJC Bose Road
V004,SouthTech Services_117,JP Nagar,Bengaluru,212 JP Nagar 3rd Phase
V005,Deccan Suppliers_117,Shivajinagar,Pune,9 Jangali Maharaj Road
V006,Awadh Traders_117,Aliganj,Lucknow,6 Sector Q Aliganj
V007,Telangana Ventures_117,Jubilee Hills,Hyderabad,55 Road No 36 Jubilee Hills
V008,Marina Engineering_117,Teynampet,Chennai,44 Anna Salai Teynampet
V009,Navrang Enterprises_117,Navrangpura,Ahmedabad,27 University Road
V010,Amber Suppliers_117,Bapu Nagar,Jaipur,3S Sahakar Marg
V001,Shree BuildMart_118,DLF Phase 3,Gurugram,47 Udyog Vihar Phase 4
V002,Mumbai Infra Solutions_118,Bandra West,Mumbai,101 Turner Road Bandra
V003,Eastern Equipments_118,Park Circus,Kolkata,18 AJC Bose Road
V004,SouthTech Services_118,JP Nagar,Bengaluru,212 JP Nagar 3rd Phase
V005,Deccan Suppliers_118,Shivajinagar,Pune,9 Jangali Maharaj Road
V006,Awadh Traders_118,Aliganj,Lucknow,6 Sector Q Aliganj
V007,Telangana Ventures_118,Jubilee Hills,Hyderabad,55 Road No 36 Jubilee Hills
V008,Marina Engineering_118,Teynampet,Chennai,44 Anna Salai Teynampet
V009,Navrang Enterprises_118,Navrangpura,Ahmedabad,27 University Road
V010,Amber Suppliers_118,Bapu Nagar,Jaipur,3S Sahakar Marg
V001,Shree BuildMart_119,DLF Phase 3,Gurugram,47 Udyog Vihar Phase 4
V002,Mumbai Infra Solutions_119,Bandra West,Mumbai,101 Turner Road Bandra
V003,Eastern Equipments_119,Park Circus,Kolkata,18 AJC Bose Road
V004,SouthTech Services_119,JP Nagar,Bengaluru,212 JP Nagar 3rd Phase
V005,Deccan Suppliers_119,Shivajinagar,Pune,9 Jangali Maharaj Road
V006,Awadh Traders_119,Aliganj,Lucknow,6 Sector Q Aliganj
V007,Telangana Ventures_119,Jubilee Hills,Hyderabad,55 Road No 36 Jubilee Hills
V008,Marina Engineering_119,Teynampet,Chennai,44 Anna Salai Teynampet
V009,Navrang Enterprises_119,Navrangpura,Ahmedabad,27 University Road
V010,Amber Suppliers_119,Bapu Nagar,Jaipur,3S Sahakar Marg
V001,Shree BuildMart_120,DLF Phase 3,Gurugram,47 Udyog Vihar Phase 4
V002,Mumbai Infra Solutions_120,Bandra West,Mumbai,101 Turner Road Bandra
V003,Eastern Equipments_120,Park Circus,Kolkata,18 AJC Bose Road
V004,SouthTech Services_120,JP Nagar,Bengaluru,212 JP Nagar 3rd Phase
V005,Deccan Suppliers_120,Shivajinagar,Pune,9 Jangali Maharaj Road
V006,Awadh Traders_120,Aliganj,Lucknow,6 Sector Q Aliganj
V007,Telangana Ventures_120,Jubilee Hills,Hyderabad,55 Road No 36 Jubilee Hills
V008,Marina Engineering_120,Teynampet,Chennai,44 Anna Salai Teynampet
V009,Navrang Enterprises_120,Navrangpura,Ahmedabad,27 University Road
V010,Amber Suppliers_120,Bapu Nagar,Jaipur,3S Sahakar Marg
V001,Shree BuildMart_121,DLF Phase 3,Gurugram,47 Udyog Vihar Phase 4
V002,Mumbai Infra Solutions_121,Bandra West,Mumbai,101 Turner Road Bandra
V003,Eastern Equipments_121,Park Circus,Kolkata,18 AJC Bose Road
V004,SouthTech Services_121,JP Nagar,Bengaluru,212 JP Nagar 3rd Phase
V005,Deccan Suppliers_121,Shivajinagar,Pune,9 Jangali Maharaj Road
V006,Awadh Traders_121,Aliganj,Lucknow,6 Sector Q Aliganj
V007,Telangana Ventures_121,Jubilee Hills,Hyderabad,55 Road No 36 Jubilee Hills
V008,Marina Engineering_121,Teynampet,Chennai,44 Anna Salai Teynampet
V009,Navrang Enterprises_121,Navrangpura,Ahmedabad,27 University Road
V010,Amber Suppliers_121,Bapu Nagar,Jaipur,3S Sahakar Marg
V001,Shree BuildMart_122,DLF Phase 3,Gurugram,47 Udyog Vihar Phase 4
V002,Mumbai Infra Solutions_122,Bandra West,Mumbai,101 Turner Road Bandra
V003,Eastern Equipments_122,Park Circus,Kolkata,18 AJC Bose Road
V004,SouthTech Services_122,JP Nagar,Bengaluru,212 JP Nagar 3rd Phase
V005,Deccan Suppliers_122,Shivajinagar,Pune,9 Jangali Maharaj Road
V006,Awadh Traders_122,Aliganj,Lucknow,6 Sector Q Aliganj
V007,Telangana Ventures_122,Jubilee Hills,Hyderabad,55 Road No 36 Jubilee Hills
V008,Marina Engineering_122,Teynampet,Chennai,44 Anna Salai Teynampet
V009,Navrang Enterprises_122,Navrangpura,Ahmedabad,27 University Road
V010,Amber Suppliers_122,Bapu Nagar,Jaipur,3S Sahakar Marg
V001,Shree BuildMart_123,DLF Phase 3,Gurugram,47 Udyog Vihar Phase 4
V002,Mumbai Infra Solutions_123,Bandra West,Mumbai,101 Turner Road Bandra
V003,Eastern Equipments_123,Park Circus,Kolkata,18 AJC Bose Road
V004,SouthTech Services_123,JP Nagar,Bengaluru,212 JP Nagar 3rd Phase
V005,Deccan Suppliers_123,Shivajinagar,Pune,9 Jangali Maharaj Road
V006,Awadh Traders_123,Aliganj,Lucknow,6 Sector Q Aliganj
V007,Telangana Ventures_123,Jubilee Hills,Hyderabad,55 Road No 36 Jubilee Hills
V008,Marina Engineering_123,Teynampet,Chennai,44 Anna Salai Teynampet
V009,Navrang Enterprises_123,Navrangpura,Ahmedabad,27 University Road
V010,Amber Suppliers_123,Bapu Nagar,Jaipur,3S Sahakar Marg
V001,Shree BuildMart_124,DLF Phase 3,Gurugram,47 Udyog Vihar Phase 4
V002,Mumbai Infra Solutions_124,Bandra West,Mumbai,101 Turner Road Bandra
V003,Eastern Equipments_124,Park Circus,Kolkata,18 AJC Bose Road
V004,SouthTech Services_124,JP Nagar,Bengaluru,212 JP Nagar 3rd Phase
V005,Deccan Suppliers_124,Shivajinagar,Pune,9 Jangali Maharaj Road
V006,Awadh Traders_124,Aliganj,Lucknow,6 Sector Q Aliganj
V007,Telangana Ventures_124,Jubilee Hills,Hyderabad,55 Road No 36 Jubilee Hills
V008,Marina Engineering_124,Teynampet,Chennai,44 Anna Salai Teynampet
V009,Navrang Enterprises_124,Navrangpura,Ahmedabad,27 University Road
V010,Amber Suppliers_124,Bapu Nagar,Jaipur,3S Sahakar Marg
V001,Shree BuildMart_125,DLF Phase 3,Gurugram,47 Udyog Vihar Phase 4
V002,Mumbai Infra Solutions_125,Bandra West,Mumbai,101 Turner Road Bandra
V003,Eastern Equipments_125,Park Circus,Kolkata,18 AJC Bose Road
V004,SouthTech Services_125,JP Nagar,Bengaluru,212 JP Nagar 3rd Phase
V005,Deccan Suppliers_125,Shivajinagar,Pune,9 Jangali Maharaj Road
V006,Awadh Traders_125,Aliganj,Lucknow,6 Sector Q Aliganj
V007,Telangana Ventures_125,Jubilee Hills,Hyderabad,55 Road No 36 Jubilee Hills
V008,Marina Engineering_125,Teynampet,Chennai,44 Anna Salai Teynampet
V009,Navrang Enterprises_125,Navrangpura,Ahmedabad,27 University Road
V010,Amber Suppliers_125,Bapu Nagar,Jaipur,3S Sahakar Marg
V001,Shree BuildMart_126,DLF Phase 3,Gurugram,47 Udyog Vihar Phase 4
V002,Mumbai Infra Solutions_126,Bandra West,Mumbai,101 Turner Road Bandra
V003,Eastern Equipments_126,Park Circus,Kolkata,18 AJC Bose Road
V004,SouthTech Services_126,JP Nagar,Bengaluru,212 JP Nagar 3rd Phase
V005,Deccan Suppliers_126,Shivajinagar,Pune,9 Jangali Maharaj Road
V006,Awadh Traders_126,Aliganj,Lucknow,6 Sector Q Aliganj
V007,Telangana Ventures_126,Jubilee Hills,Hyderabad,55 Road No 36 Jubilee Hills
V008,Marina Engineering_126,Teynampet,Chennai,44 Anna Salai Teynampet
V009,Navrang Enterprises_126,Navrangpura,Ahmedabad,27 University Road
V010,Amber Suppliers_126,Bapu Nagar,Jaipur,3S Sahakar Marg
V001,Shree BuildMart_127,DLF Phase 3,Gurugram,47 Udyog Vihar Phase 4
V002,Mumbai Infra Solutions_127,Bandra West,Mumbai,101 Turner Road Bandra
V003,Eastern Equipments_127,Park Circus,Kolkata,18 AJC Bose Road
V004,SouthTech Services_127,JP Nagar,Bengaluru,212 JP Nagar 3rd Phase
V005,Deccan Suppliers_127,Shivajinagar,Pune,9 Jangali Maharaj Road
V006,Awadh Traders_127,Aliganj,Lucknow,6 Sector Q Aliganj
V007,Telangana Ventures_127,Jubilee Hills,Hyderabad,55 Road No 36 Jubilee Hills
V008,Marina Engineering_127,Teynampet,Chennai,44 Anna Salai Teynampet
V009,Navrang Enterprises_127,Navrangpura,Ahmedabad,27 University Road
V010,Amber Suppliers_127,Bapu Nagar,Jaipur,3S Sahakar Marg
V001,Shree BuildMart_128,DLF Phase 3,Gurugram,47 Udyog Vihar Phase 4
V002,Mumbai Infra Solutions_128,Bandra West,Mumbai,101 Turner Road Bandra
V003,Eastern Equipments_128,Park Circus,Kolkata,18 AJC Bose Road
V004,SouthTech Services_128,JP Nagar,Bengaluru,212 JP Nagar 3rd Phase
V005,Deccan Suppliers_128,Shivajinagar,Pune,9 Jangali Maharaj Road
V006,Awadh Traders_128,Aliganj,Lucknow,6 Sector Q Aliganj
V007,Telangana Ventures_128,Jubilee Hills,Hyderabad,55 Road No 36 Jubilee Hills
V008,Marina Engineering_128,Teynampet,Chennai,44 Anna Salai Teynampet
V009,Navrang Enterprises_128,Navrangpura,Ahmedabad,27 University Road
V010,Amber Suppliers_128,Bapu Nagar,Jaipur,3S Sahakar Marg
V001,Shree BuildMart_129,DLF Phase 3,Gurugram,47 Udyog Vihar Phase 4
V002,Mumbai Infra Solutions_129,Bandra West,Mumbai,101 Turner Road Bandra
V003,Eastern Equipments_129,Park Circus,Kolkata,18 AJC Bose Road
V004,SouthTech Services_129,JP Nagar,Bengaluru,212 JP Nagar 3rd Phase
V005,Deccan Suppliers_129,Shivajinagar,Pune,9 Jangali Maharaj Road
V006,Awadh Traders_129,Aliganj,Lucknow,6 Sector Q Aliganj
V007,Telangana Ventures_129,Jubilee Hills,Hyderabad,55 Road No 36 Jubilee Hills
V008,Marina Engineering_129,Teynampet,Chennai,44 Anna Salai Teynampet
V009,Navrang Enterprises_129,Navrangpura,Ahmedabad,27 University Road
V010,Amber Suppliers_129,Bapu Nagar,Jaipur,3S Sahakar Marg
V001,Shree BuildMart_130,DLF Phase 3,Gurugram,47 Udyog Vihar Phase 4
V002,Mumbai Infra Solutions_130,Bandra West,Mumbai,101 Turner Road Bandra
V003,Eastern Equipments_130,Park Circus,Kolkata,18 AJC Bose Road
V004,SouthTech Services_130,JP Nagar,Bengaluru,212 JP Nagar 3rd Phase
V005,Deccan Suppliers_130,Shivajinagar,Pune,9 Jangali Maharaj Road
V006,Awadh Traders_130,Aliganj,Lucknow,6 Sector Q Aliganj
V007,Telangana Ventures_130,Jubilee Hills,Hyderabad,55 Road No 36 Jubilee Hills
V008,Marina Engineering_130,Teynampet,Chennai,44 Anna Salai Teynampet
V009,Navrang Enterprises_130,Navrangpura,Ahmedabad,27 University Road
V010,Amber Suppliers_130,Bapu Nagar,Jaipur,3S Sahakar Marg
V001,Shree BuildMart_131,DLF Phase 3,Gurugram,47 Udyog Vihar Phase 4
V002,Mumbai Infra Solutions_131,Bandra West,Mumbai,101 Turner Road Bandra
V003,Eastern Equipments_131,Park Circus,Kolkata,18 AJC Bose Road
V004,SouthTech Services_131,JP Nagar,Bengaluru,212 JP Nagar 3rd Phase
V005,Deccan Suppliers_131,Shivajinagar,Pune,9 Jangali Maharaj Road
V006,Awadh Traders_131,Aliganj,Lucknow,6 Sector Q Aliganj
V007,Telangana Ventures_131,Jubilee Hills,Hyderabad,55 Road No 36 Jubilee Hills
V008,Marina Engineering_131,Teynampet,Chennai,44 Anna Salai Teynampet
V009,Navrang Enterprises_131,Navrangpura,Ahmedabad,27 University Road
V010,Amber Suppliers_131,Bapu Nagar,Jaipur,3S Sahakar Marg
V001,Shree BuildMart_132,DLF Phase 3,Gurugram,47 Udyog Vihar Phase 4
V002,Mumbai Infra Solutions_132,Bandra West,Mumbai,101 Turner Road Bandra
V003,Eastern Equipments_132,Park Circus,Kolkata,18 AJC Bose Road
